timestamp,station_id,region,lat,lon,temperature_C,pressure_hPa,humidity_pct,is_anomaly,anomaly_type
2026-08-01 00:00:00,AWS_DELHI_01,Plains,28.6139,77.209,21.27,1008.87,67.81,0,none
2026-08-01 00:15:00,AWS_DELHI_01,Plains,28.6139,77.209,20.77,1009.02,67.17,0,none
2026-08-01 00:30:00,AWS_DELHI_01,Plains,28.6139,77.209,20.87,1008.33,68.05,0,none
2026-08-01 00:45:00,AWS_DELHI_01,Plains,28.6139,77.209,21.03,1009.08,68.04,0,none
2026-08-01 01:00:00,AWS_DELHI_01,Plains,28.6139,77.209,20.18,1008.79,68.2,0,none
2026-08-01 01:15:00,AWS_DELHI_01,Plains,28.6139,77.209,20.06,1008.51,70.14,0,none
2026-08-01 01:30:00,AWS_DELHI_01,Plains,28.6139,77.209,20.7,1008.76,69.71,0,none
2026-08-01 01:45:00,AWS_DELHI_01,Plains,28.6139,77.209,20.32,1009.17,68.54,0,none
2026-08-01 02:00:00,AWS_DELHI_01,Plains,28.6139,77.209,19.81,1008.45,70.48,0,none
2026-08-01 02:15:00,AWS_DELHI_01,Plains,28.6139,77.209,20.23,1008.38,69.74,0,none
2026-08-01 02:30:00,AWS_DELHI_01,Plains,28.6139,77.209,19.88,1008.07,70.25,0,none
2026-08-01 02:45:00,AWS_DELHI_01,Plains,28.6139,77.209,19.97,1007.85,69.88,0,none
2026-08-01 03:00:00,AWS_DELHI_01,Plains,28.6139,77.209,20.37,1008.25,67.91,0,none
2026-08-01 03:15:00,AWS_DELHI_01,Plains,28.6139,77.209,19.66,1007.64,67.96,0,none
2026-08-01 03:30:00,AWS_DELHI_01,Plains,28.6139,77.209,19.92,1007.81,69.2,0,none
2026-08-01 03:45:00,AWS_DELHI_01,Plains,28.6139,77.209,20.6,1007.55,68.65,0,none
2026-08-01 04:00:00,AWS_DELHI_01,Plains,28.6139,77.209,20.67,1007.74,67.45,0,none
2026-08-01 04:15:00,AWS_DELHI_01,Plains,28.6139,77.209,21.47,1007.61,67.11,0,none
2026-08-01 04:30:00,AWS_DELHI_01,Plains,28.6139,77.209,21.29,1007.75,67.96,0,none
2026-08-01 04:45:00,AWS_DELHI_01,Plains,28.6139,77.209,21.42,1007.21,65.12,0,none
2026-08-01 05:00:00,AWS_DELHI_01,Plains,28.6139,77.209,22.93,1007.23,65.84,0,none
2026-08-01 05:15:00,AWS_DELHI_01,Plains,28.6139,77.209,22.63,1006.97,64.25,0,none
2026-08-01 05:30:00,AWS_DELHI_01,Plains,28.6139,77.209,23.16,1007.09,63.5,0,none
2026-08-01 05:45:00,AWS_DELHI_01,Plains,28.6139,77.209,22.99,1007.32,64.32,0,none
2026-08-01 06:00:00,AWS_DELHI_01,Plains,28.6139,77.209,23.78,1007.43,63.19,0,none
2026-08-01 06:15:00,AWS_DELHI_01,Plains,28.6139,77.209,24.51,1006.93,62.35,0,none
2026-08-01 06:30:00,AWS_DELHI_01,Plains,28.6139,77.209,24.48,1007.49,62.08,0,none
2026-08-01 06:45:00,AWS_DELHI_01,Plains,28.6139,77.209,25.58,1007.67,59.65,0,none
2026-08-01 07:00:00,AWS_DELHI_01,Plains,28.6139,77.209,25.69,1007.43,59.55,0,none
2026-08-01 07:15:00,AWS_DELHI_01,Plains,28.6139,77.209,26.32,1007.93,57.44,0,none
2026-08-01 07:30:00,AWS_DELHI_01,Plains,28.6139,77.209,26.72,1007.2,57.27,0,none
2026-08-01 07:45:00,AWS_DELHI_01,Plains,28.6139,77.209,28.22,1007.14,55.79,0,none
2026-08-01 08:00:00,AWS_DELHI_01,Plains,28.6139,77.209,27.99,1007.07,55.12,0,none
2026-08-01 08:15:00,AWS_DELHI_01,Plains,28.6139,77.209,28.1,1008.14,54.77,0,none
2026-08-01 08:30:00,AWS_DELHI_01,Plains,28.6139,77.209,29.37,1007.99,52.14,0,none
2026-08-01 08:45:00,AWS_DELHI_01,Plains,28.6139,77.209,29.07,1007.88,54.7,0,none
2026-08-01 09:00:00,AWS_DELHI_01,Plains,28.6139,77.209,30.15,1008.08,50.07,0,none
2026-08-01 09:15:00,AWS_DELHI_01,Plains,28.6139,77.209,29.79,1007.77,48.91,0,none
2026-08-01 09:30:00,AWS_DELHI_01,Plains,28.6139,77.209,30.53,1008.94,50.88,0,none
2026-08-01 09:45:00,AWS_DELHI_01,Plains,28.6139,77.209,31.62,1008.34,49.58,0,none
2026-08-01 10:00:00,AWS_DELHI_01,Plains,28.6139,77.209,32.3,1008.43,48.55,0,none
2026-08-01 10:15:00,AWS_DELHI_01,Plains,28.6139,77.209,32.51,1008.7,47.75,0,none
2026-08-01 10:30:00,AWS_DELHI_01,Plains,28.6139,77.209,32.82,1008.71,46.22,0,none
2026-08-01 10:45:00,AWS_DELHI_01,Plains,28.6139,77.209,33.15,1008.7,44.43,0,none
2026-08-01 11:00:00,AWS_DELHI_01,Plains,28.6139,77.209,33.07,1008.46,44.91,0,none
2026-08-01 11:15:00,AWS_DELHI_01,Plains,28.6139,77.209,33.73,1008.88,43.36,0,none
2026-08-01 11:30:00,AWS_DELHI_01,Plains,28.6139,77.209,34.16,1009.34,44.75,0,none
2026-08-01 11:45:00,AWS_DELHI_01,Plains,28.6139,77.209,35.07,1009.2,42.85,0,none
2026-08-01 12:00:00,AWS_DELHI_01,Plains,28.6139,77.209,35.07,1009.28,41.54,0,none
2026-08-01 12:15:00,AWS_DELHI_01,Plains,28.6139,77.209,34.47,1008.64,41.7,0,none
2026-08-01 12:30:00,AWS_DELHI_01,Plains,28.6139,77.209,35.52,1008.48,42.19,0,none
2026-08-01 12:45:00,AWS_DELHI_01,Plains,28.6139,77.209,35.42,1008.7,40.69,0,none
2026-08-01 13:00:00,AWS_DELHI_01,Plains,28.6139,77.209,36.99,1012.45,40.1,1,noise_burst
2026-08-01 13:15:00,AWS_DELHI_01,Plains,28.6139,77.209,36.46,1032.62,41.17,1,noise_burst
2026-08-01 13:30:00,AWS_DELHI_01,Plains,28.6139,77.209,25.47,1006.63,41.02,1,noise_burst
2026-08-01 13:45:00,AWS_DELHI_01,Plains,28.6139,77.209,42.33,1013.13,40.02,1,noise_burst
2026-08-01 14:00:00,AWS_DELHI_01,Plains,28.6139,77.209,40.83,1017.47,40.03,1,noise_burst
2026-08-01 14:15:00,AWS_DELHI_01,Plains,28.6139,77.209,53.17,1010.98,40.91,1,noise_burst
2026-08-01 14:30:00,AWS_DELHI_01,Plains,28.6139,77.209,33.6,1001.21,38.99,1,noise_burst
2026-08-01 14:45:00,AWS_DELHI_01,Plains,28.6139,77.209,37.99,1010.52,39.19,1,noise_burst
2026-08-01 15:00:00,AWS_DELHI_01,Plains,28.6139,77.209,35.54,1008.25,40.23,0,none
2026-08-01 15:15:00,AWS_DELHI_01,Plains,28.6139,77.209,35.5,1007.92,41.11,0,none
2026-08-01 15:30:00,AWS_DELHI_01,Plains,28.6139,77.209,34.95,1007.41,42.07,0,none
2026-08-01 15:45:00,AWS_DELHI_01,Plains,28.6139,77.209,34.7,1007.31,43.86,0,none
2026-08-01 16:00:00,AWS_DELHI_01,Plains,28.6139,77.209,35.25,1007.5,43.56,0,none
2026-08-01 16:15:00,AWS_DELHI_01,Plains,28.6139,77.209,35.19,1008.01,42.83,0,none
2026-08-01 16:30:00,AWS_DELHI_01,Plains,28.6139,77.209,34.32,1007.36,43.55,0,none
2026-08-01 16:45:00,AWS_DELHI_01,Plains,28.6139,77.209,34.42,1006.91,42.97,0,none
2026-08-01 17:00:00,AWS_DELHI_01,Plains,28.6139,77.209,33.8,1007.23,44.8,0,none
2026-08-01 17:15:00,AWS_DELHI_01,Plains,28.6139,77.209,33.02,1007.18,45.16,0,none
2026-08-01 17:30:00,AWS_DELHI_01,Plains,28.6139,77.209,33.01,1006.42,46.62,0,none
2026-08-01 17:45:00,AWS_DELHI_01,Plains,28.6139,77.209,33.06,1007.19,46.01,0,none
2026-08-01 18:00:00,AWS_DELHI_01,Plains,28.6139,77.209,31.99,1007.13,48.42,0,none
2026-08-01 18:15:00,AWS_DELHI_01,Plains,28.6139,77.209,32.16,1007.42,50.47,0,none
2026-08-01 18:30:00,AWS_DELHI_01,Plains,28.6139,77.209,30.01,1007.78,49.36,0,none
2026-08-01 18:45:00,AWS_DELHI_01,Plains,28.6139,77.209,30.9,1007.6,50.85,0,none
2026-08-01 19:00:00,AWS_DELHI_01,Plains,28.6139,77.209,30.11,1007.23,52.1,0,none
2026-08-01 19:15:00,AWS_DELHI_01,Plains,28.6139,77.209,29.44,1007.03,51.71,0,none
2026-08-01 19:30:00,AWS_DELHI_01,Plains,28.6139,77.209,29.08,1008.21,53.39,0,none
2026-08-01 19:45:00,AWS_DELHI_01,Plains,28.6139,77.209,27.73,1007.53,54.07,0,none
2026-08-01 20:00:00,AWS_DELHI_01,Plains,28.6139,77.209,27.91,1007.6,55.12,0,none
2026-08-01 20:15:00,AWS_DELHI_01,Plains,28.6139,77.209,27.62,1007.69,55.01,0,none
2026-08-01 20:30:00,AWS_DELHI_01,Plains,28.6139,77.209,27.55,1007.85,56.91,0,none
2026-08-01 20:45:00,AWS_DELHI_01,Plains,28.6139,77.209,26.23,1007.85,58.41,0,none
2026-08-01 21:00:00,AWS_DELHI_01,Plains,28.6139,77.209,25.61,1007.83,60.47,0,none
2026-08-01 21:15:00,AWS_DELHI_01,Plains,28.6139,77.209,25.23,1007.94,60.78,0,none
2026-08-01 21:30:00,AWS_DELHI_01,Plains,28.6139,77.209,25.3,1008.2,63.09,0,none
2026-08-01 21:45:00,AWS_DELHI_01,Plains,28.6139,77.209,24.59,1008.14,60.45,0,none
2026-08-01 22:00:00,AWS_DELHI_01,Plains,28.6139,77.209,23.79,1008.19,63.25,0,none
2026-08-01 22:15:00,AWS_DELHI_01,Plains,28.6139,77.209,23.76,1008.52,63.22,0,none
2026-08-01 22:30:00,AWS_DELHI_01,Plains,28.6139,77.209,23.17,1008.49,66.39,0,none
2026-08-01 22:45:00,AWS_DELHI_01,Plains,28.6139,77.209,23.11,1009.09,63.52,0,none
2026-08-01 23:00:00,AWS_DELHI_01,Plains,28.6139,77.209,22.06,1007.9,64.17,0,none
2026-08-01 23:15:00,AWS_DELHI_01,Plains,28.6139,77.209,21.85,1009.07,65.11,0,none
2026-08-01 23:30:00,AWS_DELHI_01,Plains,28.6139,77.209,21.5,1009.15,63.88,0,none
2026-08-01 23:45:00,AWS_DELHI_01,Plains,28.6139,77.209,20.76,1008.17,66.34,0,none
2026-08-02 00:00:00,AWS_DELHI_01,Plains,28.6139,77.209,21.19,1008.7,66.56,0,none
2026-08-02 00:15:00,AWS_DELHI_01,Plains,28.6139,77.209,20.93,1008.68,68.1,0,none
2026-08-02 00:30:00,AWS_DELHI_01,Plains,28.6139,77.209,20.61,1008.35,68.71,0,none
2026-08-02 00:45:00,AWS_DELHI_01,Plains,28.6139,77.209,20.33,1008.51,70.89,0,none
2026-08-02 01:00:00,AWS_DELHI_01,Plains,28.6139,77.209,19.71,1008.36,70.05,0,none
2026-08-02 01:15:00,AWS_DELHI_01,Plains,28.6139,77.209,19.99,1009.16,68.43,0,none
2026-08-02 01:30:00,AWS_DELHI_01,Plains,28.6139,77.209,19.93,1008.85,68.2,0,none
2026-08-02 01:45:00,AWS_DELHI_01,Plains,28.6139,77.209,19.7,1008.87,69.96,0,none
2026-08-02 02:00:00,AWS_DELHI_01,Plains,28.6139,77.209,19.94,1008.62,67.82,0,none
2026-08-02 02:15:00,AWS_DELHI_01,Plains,28.6139,77.209,20.18,1007.97,71.57,0,none
2026-08-02 02:30:00,AWS_DELHI_01,Plains,28.6139,77.209,20.82,1008.05,70.69,0,none
2026-08-02 02:45:00,AWS_DELHI_01,Plains,28.6139,77.209,20.22,1008.25,68.56,0,none
2026-08-02 03:00:00,AWS_DELHI_01,Plains,28.6139,77.209,20.38,1007.63,66.85,0,none
2026-08-02 03:15:00,AWS_DELHI_01,Plains,28.6139,77.209,20.39,1008.11,70.26,0,none
2026-08-02 03:30:00,AWS_DELHI_01,Plains,28.6139,77.209,19.84,1007.72,68.17,0,none
2026-08-02 03:45:00,AWS_DELHI_01,Plains,28.6139,77.209,20.81,1007.58,69.4,0,none
2026-08-02 04:00:00,AWS_DELHI_01,Plains,28.6139,77.209,21.1,1007.81,65.56,0,none
2026-08-02 04:15:00,AWS_DELHI_01,Plains,28.6139,77.209,22.33,1007.65,66.25,0,none
2026-08-02 04:30:00,AWS_DELHI_01,Plains,28.6139,77.209,21.58,1007.33,66.43,0,none
2026-08-02 04:45:00,AWS_DELHI_01,Plains,28.6139,77.209,22.11,1007.71,65.88,0,none
2026-08-02 05:00:00,AWS_DELHI_01,Plains,28.6139,77.209,22.33,1006.98,64.64,0,none
2026-08-02 05:15:00,AWS_DELHI_01,Plains,28.6139,77.209,22.26,1007.45,65.24,0,none
2026-08-02 05:30:00,AWS_DELHI_01,Plains,28.6139,77.209,23.59,1007.41,62.49,0,none
2026-08-02 05:45:00,AWS_DELHI_01,Plains,28.6139,77.209,23.86,1007.11,62.83,0,none
2026-08-02 06:00:00,AWS_DELHI_01,Plains,28.6139,77.209,24.32,1007.3,62.34,0,none
2026-08-02 06:15:00,AWS_DELHI_01,Plains,28.6139,77.209,24.1,1006.83,61.99,0,none
2026-08-02 06:30:00,AWS_DELHI_01,Plains,28.6139,77.209,25.5,1007.5,61.36,0,none
2026-08-02 06:45:00,AWS_DELHI_01,Plains,28.6139,77.209,24.87,1007.21,58.28,0,none
2026-08-02 07:00:00,AWS_DELHI_01,Plains,28.6139,77.209,26.16,1007.15,56.89,0,none
2026-08-02 07:15:00,AWS_DELHI_01,Plains,28.6139,77.209,27.32,1007.68,59.34,0,none
2026-08-02 07:30:00,AWS_DELHI_01,Plains,28.6139,77.209,26.56,1007.22,57.28,0,none
2026-08-02 07:45:00,AWS_DELHI_01,Plains,28.6139,77.209,27.25,1007.09,55.04,0,none
2026-08-02 08:00:00,AWS_DELHI_01,Plains,28.6139,77.209,28.04,1007.13,56.86,0,none
2026-08-02 08:15:00,AWS_DELHI_01,Plains,28.6139,77.209,28.32,1007.88,54.2,0,none
2026-08-02 08:30:00,AWS_DELHI_01,Plains,28.6139,77.209,28.42,1007.41,54.54,0,none
2026-08-02 08:45:00,AWS_DELHI_01,Plains,28.6139,77.209,29.59,1008.42,52.27,0,none
2026-08-02 09:00:00,AWS_DELHI_01,Plains,28.6139,77.209,29.65,1007.38,53.75,0,none
2026-08-02 09:15:00,AWS_DELHI_01,Plains,28.6139,77.209,30.76,1008.61,52.48,0,none
2026-08-02 09:30:00,AWS_DELHI_01,Plains,28.6139,77.209,30.69,1008.27,49.19,0,none
2026-08-02 09:45:00,AWS_DELHI_01,Plains,28.6139,77.209,32.16,1008.28,49.8,0,none
2026-08-02 10:00:00,AWS_DELHI_01,Plains,28.6139,77.209,31.69,1008.24,48.57,1,frozen_value
2026-08-02 10:15:00,AWS_DELHI_01,Plains,28.6139,77.209,31.69,1008.61,48.64,1,frozen_value
2026-08-02 10:30:00,AWS_DELHI_01,Plains,28.6139,77.209,31.69,1008.55,45.08,1,frozen_value
2026-08-02 10:45:00,AWS_DELHI_01,Plains,28.6139,77.209,31.69,1008.97,46.33,1,frozen_value
2026-08-02 11:00:00,AWS_DELHI_01,Plains,28.6139,77.209,31.69,1008.73,46.09,1,frozen_value
2026-08-02 11:15:00,AWS_DELHI_01,Plains,28.6139,77.209,31.69,1008.78,42.06,1,frozen_value
2026-08-02 11:30:00,AWS_DELHI_01,Plains,28.6139,77.209,31.69,1008.66,42.16,1,frozen_value
2026-08-02 11:45:00,AWS_DELHI_01,Plains,28.6139,77.209,31.69,1008.78,40.58,1,frozen_value
2026-08-02 12:00:00,AWS_DELHI_01,Plains,28.6139,77.209,31.69,1008.89,42.21,1,frozen_value
2026-08-02 12:15:00,AWS_DELHI_01,Plains,28.6139,77.209,31.69,1008.28,42.95,1,frozen_value
2026-08-02 12:30:00,AWS_DELHI_01,Plains,28.6139,77.209,31.69,1008.37,43.5,1,frozen_value
2026-08-02 12:45:00,AWS_DELHI_01,Plains,28.6139,77.209,31.69,1008.96,41.45,1,frozen_value
2026-08-02 13:00:00,AWS_DELHI_01,Plains,28.6139,77.209,35.94,1008.74,43.05,0,none
2026-08-02 13:15:00,AWS_DELHI_01,Plains,28.6139,77.209,35.97,1008.58,39.22,0,none
2026-08-02 13:30:00,AWS_DELHI_01,Plains,28.6139,77.209,36.03,1008.57,38.68,0,none
2026-08-02 13:45:00,AWS_DELHI_01,Plains,28.6139,77.209,36.12,1008.59,40.56,0,none
2026-08-02 14:00:00,AWS_DELHI_01,Plains,28.6139,77.209,35.73,1008.24,41.06,0,none
2026-08-02 14:15:00,AWS_DELHI_01,Plains,28.6139,77.209,36.08,1008.07,40.59,0,none
2026-08-02 14:30:00,AWS_DELHI_01,Plains,28.6139,77.209,36.05,1008.27,38.24,0,none
2026-08-02 14:45:00,AWS_DELHI_01,Plains,28.6139,77.209,35.56,1007.81,40.77,0,none
2026-08-02 15:00:00,AWS_DELHI_01,Plains,28.6139,77.209,36.47,1008.12,39.53,0,none
2026-08-02 15:15:00,AWS_DELHI_01,Plains,28.6139,77.209,35.76,1007.38,42.17,0,none
2026-08-02 15:30:00,AWS_DELHI_01,Plains,28.6139,77.209,34.91,1008.1,42.14,0,none
2026-08-02 15:45:00,AWS_DELHI_01,Plains,28.6139,77.209,35.44,1007.84,40.96,0,none
2026-08-02 16:00:00,AWS_DELHI_01,Plains,28.6139,77.209,34.54,1007.68,41.91,0,none
2026-08-02 16:15:00,AWS_DELHI_01,Plains,28.6139,77.209,34.97,1007.81,41.76,0,none
2026-08-02 16:30:00,AWS_DELHI_01,Plains,28.6139,77.209,34.81,1007.93,43.5,0,none
2026-08-02 16:45:00,AWS_DELHI_01,Plains,28.6139,77.209,33.69,1007.67,45.32,0,none
2026-08-02 17:00:00,AWS_DELHI_01,Plains,28.6139,77.209,34.04,1006.75,43.63,0,none
2026-08-02 17:15:00,AWS_DELHI_01,Plains,28.6139,77.209,33.44,1006.88,46.11,0,none
2026-08-02 17:30:00,AWS_DELHI_01,Plains,28.6139,77.209,33.2,1007.04,45.6,0,none
2026-08-02 17:45:00,AWS_DELHI_01,Plains,28.6139,77.209,33.2,1007.21,46.05,0,none
2026-08-02 18:00:00,AWS_DELHI_01,Plains,28.6139,77.209,31.9,1007.36,47.67,0,none
2026-08-02 18:15:00,AWS_DELHI_01,Plains,28.6139,77.209,31.24,1006.99,47.39,0,none
2026-08-02 18:30:00,AWS_DELHI_01,Plains,28.6139,77.209,30.71,1007.28,48.82,0,none
2026-08-02 18:45:00,AWS_DELHI_01,Plains,28.6139,77.209,30.25,1007.03,48.93,0,none
2026-08-02 19:00:00,AWS_DELHI_01,Plains,28.6139,77.209,30.04,1007.12,53.63,0,none
2026-08-02 19:15:00,AWS_DELHI_01,Plains,28.6139,77.209,29.7,1006.94,52.23,0,none
2026-08-02 19:30:00,AWS_DELHI_01,Plains,28.6139,77.209,29.15,1007.16,52.28,0,none
2026-08-02 19:45:00,AWS_DELHI_01,Plains,28.6139,77.209,28.85,1007.11,54.31,0,none
2026-08-02 20:00:00,AWS_DELHI_01,Plains,28.6139,77.209,28.01,1007.31,54.87,0,none
2026-08-02 20:15:00,AWS_DELHI_01,Plains,28.6139,77.209,28.06,1008.01,55.68,0,none
2026-08-02 20:30:00,AWS_DELHI_01,Plains,28.6139,77.209,26.85,1007.51,57.62,0,none
2026-08-02 20:45:00,AWS_DELHI_01,Plains,28.6139,77.209,27.53,1008.69,58.72,0,none
2026-08-02 21:00:00,AWS_DELHI_01,Plains,28.6139,77.209,26.18,1008.15,58.09,0,none
2026-08-02 21:15:00,AWS_DELHI_01,Plains,28.6139,77.209,25.09,1008.16,58.94,0,none
2026-08-02 21:30:00,AWS_DELHI_01,Plains,28.6139,77.209,24.51,1007.95,60.18,0,none
2026-08-02 21:45:00,AWS_DELHI_01,Plains,28.6139,77.209,24.65,1008.52,58.61,0,none
2026-08-02 22:00:00,AWS_DELHI_01,Plains,28.6139,77.209,23.91,1008.23,60.38,0,none
2026-08-02 22:15:00,AWS_DELHI_01,Plains,28.6139,77.209,23.84,1008.52,64.64,0,none
2026-08-02 22:30:00,AWS_DELHI_01,Plains,28.6139,77.209,23.32,1009.33,65.74,0,none
2026-08-02 22:45:00,AWS_DELHI_01,Plains,28.6139,77.209,22.7,1008.61,64.2,0,none
2026-08-02 23:00:00,AWS_DELHI_01,Plains,28.6139,77.209,22.0,1009.04,65.87,0,none
2026-08-02 23:15:00,AWS_DELHI_01,Plains,28.6139,77.209,21.38,1008.53,66.2,0,none
2026-08-02 23:30:00,AWS_DELHI_01,Plains,28.6139,77.209,21.47,1008.76,70.12,0,none
2026-08-02 23:45:00,AWS_DELHI_01,Plains,28.6139,77.209,21.69,1009.32,68.32,0,none
2026-08-03 00:00:00,AWS_DELHI_01,Plains,28.6139,77.209,21.16,1008.61,67.32,0,none
2026-08-03 00:15:00,AWS_DELHI_01,Plains,28.6139,77.209,20.33,1009.34,66.77,0,none
2026-08-03 00:30:00,AWS_DELHI_01,Plains,28.6139,77.209,20.68,1008.99,66.38,0,none
2026-08-03 00:45:00,AWS_DELHI_01,Plains,28.6139,77.209,20.58,1008.57,68.88,0,none
2026-08-03 01:00:00,AWS_DELHI_01,Plains,28.6139,77.209,19.92,1008.88,68.0,0,none
2026-08-03 01:15:00,AWS_DELHI_01,Plains,28.6139,77.209,20.22,1008.93,67.42,0,none
2026-08-03 01:30:00,AWS_DELHI_01,Plains,28.6139,77.209,20.09,1008.75,68.5,0,none
2026-08-03 01:45:00,AWS_DELHI_01,Plains,28.6139,77.209,19.56,1008.02,68.07,0,none
2026-08-03 02:00:00,AWS_DELHI_01,Plains,28.6139,77.209,20.14,1008.18,71.42,0,none
2026-08-03 02:15:00,AWS_DELHI_01,Plains,28.6139,77.209,20.24,1008.23,70.43,0,none
2026-08-03 02:30:00,AWS_DELHI_01,Plains,28.6139,77.209,20.5,1008.18,69.27,0,none
2026-08-03 02:45:00,AWS_DELHI_01,Plains,28.6139,77.209,20.58,1008.29,70.9,0,none
2026-08-03 03:00:00,AWS_DELHI_01,Plains,28.6139,77.209,19.72,1008.05,69.0,0,none
2026-08-03 03:15:00,AWS_DELHI_01,Plains,28.6139,77.209,20.05,1007.49,67.6,0,none
2026-08-03 03:30:00,AWS_DELHI_01,Plains,28.6139,77.209,20.81,1007.91,70.13,0,none
2026-08-03 03:45:00,AWS_DELHI_01,Plains,28.6139,77.209,21.03,1007.88,68.56,0,none
2026-08-03 04:00:00,AWS_DELHI_01,Plains,28.6139,77.209,21.28,1007.77,66.23,0,none
2026-08-03 04:15:00,AWS_DELHI_01,Plains,28.6139,77.209,22.89,1007.84,66.74,0,none
2026-08-03 04:30:00,AWS_DELHI_01,Plains,28.6139,77.209,21.88,1007.68,65.37,0,none
2026-08-03 04:45:00,AWS_DELHI_01,Plains,28.6139,77.209,22.44,1007.5,64.17,0,none
2026-08-03 05:00:00,AWS_DELHI_01,Plains,28.6139,77.209,22.72,1007.29,66.29,0,none
2026-08-03 05:15:00,AWS_DELHI_01,Plains,28.6139,77.209,22.99,1006.76,66.79,0,none
2026-08-03 05:30:00,AWS_DELHI_01,Plains,28.6139,77.209,23.0,1007.36,62.09,0,none
2026-08-03 05:45:00,AWS_DELHI_01,Plains,28.6139,77.209,23.86,1007.27,63.68,0,none
2026-08-03 06:00:00,AWS_DELHI_01,Plains,28.6139,77.209,23.69,1007.28,61.42,0,none
2026-08-03 06:15:00,AWS_DELHI_01,Plains,28.6139,77.209,24.37,1006.82,60.78,0,none
2026-08-03 06:30:00,AWS_DELHI_01,Plains,28.6139,77.209,24.74,1006.9,59.8,0,none
2026-08-03 06:45:00,AWS_DELHI_01,Plains,28.6139,77.209,25.46,1007.58,58.59,0,none
2026-08-03 07:00:00,AWS_DELHI_01,Plains,28.6139,77.209,26.86,1007.3,58.79,0,none
2026-08-03 07:15:00,AWS_DELHI_01,Plains,28.6139,77.209,25.69,1007.57,56.81,0,none
2026-08-03 07:30:00,AWS_DELHI_01,Plains,28.6139,77.209,27.23,1007.44,57.2,0,none
2026-08-03 07:45:00,AWS_DELHI_01,Plains,28.6139,77.209,26.83,1007.52,55.88,0,none
2026-08-03 08:00:00,AWS_DELHI_01,Plains,28.6139,77.209,27.81,1007.88,54.71,0,none
2026-08-03 08:15:00,AWS_DELHI_01,Plains,28.6139,77.209,28.96,1007.54,52.97,0,none
2026-08-03 08:30:00,AWS_DELHI_01,Plains,28.6139,77.209,29.07,1007.82,52.43,0,none
2026-08-03 08:45:00,AWS_DELHI_01,Plains,28.6139,77.209,29.13,1007.76,53.1,0,none
2026-08-03 09:00:00,AWS_DELHI_01,Plains,28.6139,77.209,29.78,1007.87,51.87,0,none
2026-08-03 09:15:00,AWS_DELHI_01,Plains,28.6139,77.209,30.84,1008.01,49.2,0,none
2026-08-03 09:30:00,AWS_DELHI_01,Plains,28.6139,77.209,30.77,1008.27,49.61,0,none
2026-08-03 09:45:00,AWS_DELHI_01,Plains,28.6139,77.209,31.62,1008.16,49.53,0,none
2026-08-03 10:00:00,AWS_DELHI_01,Plains,28.6139,77.209,32.02,1008.78,45.8,0,none
2026-08-03 10:15:00,AWS_DELHI_01,Plains,28.6139,77.209,32.18,1008.22,47.65,0,none
2026-08-03 10:30:00,AWS_DELHI_01,Plains,28.6139,77.209,33.73,1008.51,45.44,0,none
2026-08-03 10:45:00,AWS_DELHI_01,Plains,28.6139,77.209,33.53,1008.5,46.19,0,none
2026-08-03 11:00:00,AWS_DELHI_01,Plains,28.6139,77.209,32.85,1009.13,43.9,0,none
2026-08-03 11:15:00,AWS_DELHI_01,Plains,28.6139,77.209,34.09,1008.8,42.01,0,none
2026-08-03 11:30:00,AWS_DELHI_01,Plains,28.6139,77.209,34.08,1009.08,41.62,0,none
2026-08-03 11:45:00,AWS_DELHI_01,Plains,28.6139,77.209,34.99,1008.35,43.08,0,none
2026-08-03 12:00:00,AWS_DELHI_01,Plains,28.6139,77.209,34.61,1008.88,42.84,0,none
2026-08-03 12:15:00,AWS_DELHI_01,Plains,28.6139,77.209,35.13,1009.06,41.0,0,none
2026-08-03 12:30:00,AWS_DELHI_01,Plains,28.6139,77.209,35.59,1008.8,42.46,0,none
2026-08-03 12:45:00,AWS_DELHI_01,Plains,28.6139,77.209,35.92,1009.06,39.37,0,none
2026-08-03 13:00:00,AWS_DELHI_01,Plains,28.6139,77.209,35.25,1008.54,41.01,0,none
2026-08-03 13:15:00,AWS_DELHI_01,Plains,28.6139,77.209,35.71,1009.06,39.42,0,none
2026-08-03 13:30:00,AWS_DELHI_01,Plains,28.6139,77.209,35.74,1009.26,39.94,0,none
2026-08-03 13:45:00,AWS_DELHI_01,Plains,28.6139,77.209,35.72,1008.38,40.69,0,none
2026-08-03 14:00:00,AWS_DELHI_01,Plains,28.6139,77.209,36.71,1008.27,39.57,0,none
2026-08-03 14:15:00,AWS_DELHI_01,Plains,28.6139,77.209,36.14,1008.74,40.17,0,none
2026-08-03 14:30:00,AWS_DELHI_01,Plains,28.6139,77.209,35.43,1008.68,41.93,0,none
2026-08-03 14:45:00,AWS_DELHI_01,Plains,28.6139,77.209,36.21,1007.95,40.18,0,none
2026-08-03 15:00:00,AWS_DELHI_01,Plains,28.6139,77.209,36.58,1007.87,42.09,0,none
2026-08-03 15:15:00,AWS_DELHI_01,Plains,28.6139,77.209,35.99,1007.81,40.01,0,none
2026-08-03 15:30:00,AWS_DELHI_01,Plains,28.6139,77.209,34.78,1007.39,42.33,0,none
2026-08-03 15:45:00,AWS_DELHI_01,Plains,28.6139,77.209,34.98,1007.42,43.81,0,none
2026-08-03 16:00:00,AWS_DELHI_01,Plains,28.6139,77.209,35.43,1007.3,39.56,0,none
2026-08-03 16:15:00,AWS_DELHI_01,Plains,28.6139,77.209,34.37,1007.28,42.07,0,none
2026-08-03 16:30:00,AWS_DELHI_01,Plains,28.6139,77.209,34.52,1007.42,44.27,0,none
2026-08-03 16:45:00,AWS_DELHI_01,Plains,28.6139,77.209,34.32,1007.44,43.93,0,none
2026-08-03 17:00:00,AWS_DELHI_01,Plains,28.6139,77.209,33.29,1007.77,45.26,0,none
2026-08-03 17:15:00,AWS_DELHI_01,Plains,28.6139,77.209,33.25,1006.96,44.78,0,none
2026-08-03 17:30:00,AWS_DELHI_01,Plains,28.6139,77.209,31.57,1007.52,46.34,0,none
2026-08-03 17:45:00,AWS_DELHI_01,Plains,28.6139,77.209,32.03,1007.14,46.81,0,none
2026-08-03 18:00:00,AWS_DELHI_01,Plains,28.6139,77.209,31.9,1007.19,49.2,0,none
2026-08-03 18:15:00,AWS_DELHI_01,Plains,28.6139,77.209,31.04,1007.41,48.94,0,none
2026-08-03 18:30:00,AWS_DELHI_01,Plains,28.6139,77.209,31.71,1006.89,49.89,0,none
2026-08-03 18:45:00,AWS_DELHI_01,Plains,28.6139,77.209,10.0,1007.38,49.88,1,spike
2026-08-03 19:00:00,AWS_DELHI_01,Plains,28.6139,77.209,29.89,1007.36,50.69,0,none
2026-08-03 19:15:00,AWS_DELHI_01,Plains,28.6139,77.209,29.61,1007.51,51.67,0,none
2026-08-03 19:30:00,AWS_DELHI_01,Plains,28.6139,77.209,29.62,1007.52,53.59,0,none
2026-08-03 19:45:00,AWS_DELHI_01,Plains,28.6139,77.209,27.95,1008.25,53.55,0,none
2026-08-03 20:00:00,AWS_DELHI_01,Plains,28.6139,77.209,28.47,1007.41,55.35,0,none
2026-08-03 20:15:00,AWS_DELHI_01,Plains,28.6139,77.209,27.48,1007.53,58.43,0,none
2026-08-03 20:30:00,AWS_DELHI_01,Plains,28.6139,77.209,26.56,1007.61,57.92,0,none
2026-08-03 20:45:00,AWS_DELHI_01,Plains,28.6139,77.209,26.62,1007.73,57.42,0,none
2026-08-03 21:00:00,AWS_DELHI_01,Plains,28.6139,77.209,26.01,1007.81,60.17,0,none
2026-08-03 21:15:00,AWS_DELHI_01,Plains,28.6139,77.209,25.19,1008.46,59.14,0,none
2026-08-03 21:30:00,AWS_DELHI_01,Plains,28.6139,77.209,24.97,1008.63,58.06,0,none
2026-08-03 21:45:00,AWS_DELHI_01,Plains,28.6139,77.209,24.31,1008.13,60.16,0,none
2026-08-03 22:00:00,AWS_DELHI_01,Plains,28.6139,77.209,24.05,1008.15,59.96,0,none
2026-08-03 22:15:00,AWS_DELHI_01,Plains,28.6139,77.209,23.82,1008.63,62.58,0,none
2026-08-03 22:30:00,AWS_DELHI_01,Plains,28.6139,77.209,23.76,1008.4,63.79,0,none
2026-08-03 22:45:00,AWS_DELHI_01,Plains,28.6139,77.209,22.23,1008.82,66.51,0,none
2026-08-03 23:00:00,AWS_DELHI_01,Plains,28.6139,77.209,23.2,1008.75,65.57,0,none
2026-08-03 23:15:00,AWS_DELHI_01,Plains,28.6139,77.209,21.2,1008.28,65.56,0,none
2026-08-03 23:30:00,AWS_DELHI_01,Plains,28.6139,77.209,21.59,1009.24,67.42,0,none
2026-08-03 23:45:00,AWS_DELHI_01,Plains,28.6139,77.209,21.58,1009.33,64.32,0,none
2026-08-01 00:00:00,AWS_DELHI_02,Plains,28.7041,77.1025,20.86,1009.3,67.07,0,none
2026-08-01 00:15:00,AWS_DELHI_02,Plains,28.7041,77.1025,21.52,1009.38,69.59,0,none
2026-08-01 00:30:00,AWS_DELHI_02,Plains,28.7041,77.1025,20.66,1009.38,69.5,0,none
2026-08-01 00:45:00,AWS_DELHI_02,Plains,28.7041,77.1025,20.85,1009.05,70.96,0,none
2026-08-01 01:00:00,AWS_DELHI_02,Plains,28.7041,77.1025,20.06,1009.31,71.87,0,none
2026-08-01 01:15:00,AWS_DELHI_02,Plains,28.7041,77.1025,20.17,1008.9,71.41,0,none
2026-08-01 01:30:00,AWS_DELHI_02,Plains,28.7041,77.1025,19.57,1008.92,72.13,0,none
2026-08-01 01:45:00,AWS_DELHI_02,Plains,28.7041,77.1025,20.27,1009.15,71.4,0,none
2026-08-01 02:00:00,AWS_DELHI_02,Plains,28.7041,77.1025,20.08,1008.99,71.63,0,none
2026-08-01 02:15:00,AWS_DELHI_02,Plains,28.7041,77.1025,19.66,1008.78,70.87,0,none
2026-08-01 02:30:00,AWS_DELHI_02,Plains,28.7041,77.1025,19.71,1008.33,71.48,0,none
2026-08-01 02:45:00,AWS_DELHI_02,Plains,28.7041,77.1025,20.8,1008.3,70.97,0,none
2026-08-01 03:00:00,AWS_DELHI_02,Plains,28.7041,77.1025,21.05,1008.58,70.95,0,none
2026-08-01 03:15:00,AWS_DELHI_02,Plains,28.7041,77.1025,20.33,1008.62,70.09,0,none
2026-08-01 03:30:00,AWS_DELHI_02,Plains,28.7041,77.1025,20.62,1007.96,70.94,0,none
2026-08-01 03:45:00,AWS_DELHI_02,Plains,28.7041,77.1025,20.96,1007.94,68.74,0,none
2026-08-01 04:00:00,AWS_DELHI_02,Plains,28.7041,77.1025,21.1,1008.14,69.14,0,none
2026-08-01 04:15:00,AWS_DELHI_02,Plains,28.7041,77.1025,20.64,1008.05,70.25,0,none
2026-08-01 04:30:00,AWS_DELHI_02,Plains,28.7041,77.1025,21.78,1007.45,67.0,0,none
2026-08-01 04:45:00,AWS_DELHI_02,Plains,28.7041,77.1025,21.1,1007.91,64.96,0,none
2026-08-01 05:00:00,AWS_DELHI_02,Plains,28.7041,77.1025,46.99,1007.63,67.37,1,spike
2026-08-01 05:15:00,AWS_DELHI_02,Plains,28.7041,77.1025,22.86,1008.25,65.95,0,none
2026-08-01 05:30:00,AWS_DELHI_02,Plains,28.7041,77.1025,23.29,1007.8,66.76,0,none
2026-08-01 05:45:00,AWS_DELHI_02,Plains,28.7041,77.1025,23.14,1007.83,64.64,0,none
2026-08-01 06:00:00,AWS_DELHI_02,Plains,28.7041,77.1025,23.72,1007.83,63.29,0,none
2026-08-01 06:15:00,AWS_DELHI_02,Plains,28.7041,77.1025,24.11,1007.34,63.12,0,none
2026-08-01 06:30:00,AWS_DELHI_02,Plains,28.7041,77.1025,24.77,1008.31,63.68,0,none
2026-08-01 06:45:00,AWS_DELHI_02,Plains,28.7041,77.1025,25.28,1007.27,62.2,0,none
2026-08-01 07:00:00,AWS_DELHI_02,Plains,28.7041,77.1025,26.05,1008.05,57.71,0,none
2026-08-01 07:15:00,AWS_DELHI_02,Plains,28.7041,77.1025,26.07,1008.05,59.96,0,none
2026-08-01 07:30:00,AWS_DELHI_02,Plains,28.7041,77.1025,26.93,1007.79,59.12,0,none
2026-08-01 07:45:00,AWS_DELHI_02,Plains,28.7041,77.1025,27.49,1008.21,57.9,0,none
2026-08-01 08:00:00,AWS_DELHI_02,Plains,28.7041,77.1025,27.88,1008.0,56.27,0,none
2026-08-01 08:15:00,AWS_DELHI_02,Plains,28.7041,77.1025,28.21,1007.99,57.52,0,none
2026-08-01 08:30:00,AWS_DELHI_02,Plains,28.7041,77.1025,28.89,1008.43,56.66,0,none
2026-08-01 08:45:00,AWS_DELHI_02,Plains,28.7041,77.1025,29.62,1008.09,51.62,0,none
2026-08-01 09:00:00,AWS_DELHI_02,Plains,28.7041,77.1025,30.15,1008.43,52.41,0,none
2026-08-01 09:15:00,AWS_DELHI_02,Plains,28.7041,77.1025,31.03,1008.43,52.31,0,none
2026-08-01 09:30:00,AWS_DELHI_02,Plains,28.7041,77.1025,30.39,1008.61,52.77,0,none
2026-08-01 09:45:00,AWS_DELHI_02,Plains,28.7041,77.1025,31.07,1008.94,50.83,0,none
2026-08-01 10:00:00,AWS_DELHI_02,Plains,28.7041,77.1025,31.05,1008.72,49.16,0,none
2026-08-01 10:15:00,AWS_DELHI_02,Plains,28.7041,77.1025,32.51,1008.93,50.05,0,none
2026-08-01 10:30:00,AWS_DELHI_02,Plains,28.7041,77.1025,32.41,1008.91,48.2,0,none
2026-08-01 10:45:00,AWS_DELHI_02,Plains,28.7041,77.1025,33.03,1009.57,47.6,0,none
2026-08-01 11:00:00,AWS_DELHI_02,Plains,28.7041,77.1025,33.07,1009.3,47.04,0,none
2026-08-01 11:15:00,AWS_DELHI_02,Plains,28.7041,77.1025,33.53,1009.31,47.13,1,calibration_drift
2026-08-01 11:30:00,AWS_DELHI_02,Plains,28.7041,77.1025,35.0,1009.48,45.49,1,calibration_drift
2026-08-01 11:45:00,AWS_DELHI_02,Plains,28.7041,77.1025,35.61,1009.11,46.15,1,calibration_drift
2026-08-01 12:00:00,AWS_DELHI_02,Plains,28.7041,77.1025,36.08,1009.56,44.75,1,calibration_drift
2026-08-01 12:15:00,AWS_DELHI_02,Plains,28.7041,77.1025,37.19,1009.4,43.13,1,calibration_drift
2026-08-01 12:30:00,AWS_DELHI_02,Plains,28.7041,77.1025,37.93,1008.8,43.98,1,calibration_drift
2026-08-01 12:45:00,AWS_DELHI_02,Plains,28.7041,77.1025,38.16,1008.81,42.49,1,calibration_drift
2026-08-01 13:00:00,AWS_DELHI_02,Plains,28.7041,77.1025,38.4,1009.02,43.49,1,calibration_drift
2026-08-01 13:15:00,AWS_DELHI_02,Plains,28.7041,77.1025,39.26,1008.74,44.23,1,calibration_drift
2026-08-01 13:30:00,AWS_DELHI_02,Plains,28.7041,77.1025,39.69,1008.99,41.79,1,calibration_drift
2026-08-01 13:45:00,AWS_DELHI_02,Plains,28.7041,77.1025,41.27,1008.68,43.43,1,calibration_drift
2026-08-01 14:00:00,AWS_DELHI_02,Plains,28.7041,77.1025,41.87,1008.87,41.97,1,calibration_drift
2026-08-01 14:15:00,AWS_DELHI_02,Plains,28.7041,77.1025,42.48,1009.23,43.23,1,calibration_drift
2026-08-01 14:30:00,AWS_DELHI_02,Plains,28.7041,77.1025,41.51,1008.69,44.11,1,calibration_drift
2026-08-01 14:45:00,AWS_DELHI_02,Plains,28.7041,77.1025,43.18,1008.51,40.67,1,calibration_drift
2026-08-01 15:00:00,AWS_DELHI_02,Plains,28.7041,77.1025,44.05,1008.62,42.1,1,calibration_drift
2026-08-01 15:15:00,AWS_DELHI_02,Plains,28.7041,77.1025,43.98,1008.19,43.26,1,calibration_drift
2026-08-01 15:30:00,AWS_DELHI_02,Plains,28.7041,77.1025,43.02,1008.55,44.41,1,calibration_drift
2026-08-01 15:45:00,AWS_DELHI_02,Plains,28.7041,77.1025,44.89,1008.34,44.21,1,calibration_drift
2026-08-01 16:00:00,AWS_DELHI_02,Plains,28.7041,77.1025,44.48,1008.11,44.79,1,calibration_drift
2026-08-01 16:15:00,AWS_DELHI_02,Plains,28.7041,77.1025,44.63,1008.06,47.78,1,calibration_drift
2026-08-01 16:30:00,AWS_DELHI_02,Plains,28.7041,77.1025,45.13,1008.55,44.41,1,calibration_drift
2026-08-01 16:45:00,AWS_DELHI_02,Plains,28.7041,77.1025,44.72,1008.15,47.81,1,calibration_drift
2026-08-01 17:00:00,AWS_DELHI_02,Plains,28.7041,77.1025,45.32,1008.47,46.65,1,calibration_drift
2026-08-01 17:15:00,AWS_DELHI_02,Plains,28.7041,77.1025,33.59,1007.92,48.4,0,none
2026-08-01 17:30:00,AWS_DELHI_02,Plains,28.7041,77.1025,32.8,1007.29,51.01,0,none
2026-08-01 17:45:00,AWS_DELHI_02,Plains,28.7041,77.1025,32.16,1007.63,50.03,0,none
2026-08-01 18:00:00,AWS_DELHI_02,Plains,28.7041,77.1025,31.74,1007.19,50.43,0,none
2026-08-01 18:15:00,AWS_DELHI_02,Plains,28.7041,77.1025,30.78,1007.87,52.71,0,none
2026-08-01 18:30:00,AWS_DELHI_02,Plains,28.7041,77.1025,30.72,1007.95,52.98,0,none
2026-08-01 18:45:00,AWS_DELHI_02,Plains,28.7041,77.1025,29.65,1007.5,51.53,0,none
2026-08-01 19:00:00,AWS_DELHI_02,Plains,28.7041,77.1025,30.23,1007.61,53.72,0,none
2026-08-01 19:15:00,AWS_DELHI_02,Plains,28.7041,77.1025,28.45,1007.91,52.2,0,none
2026-08-01 19:30:00,AWS_DELHI_02,Plains,28.7041,77.1025,29.16,1007.57,54.52,0,none
2026-08-01 19:45:00,AWS_DELHI_02,Plains,28.7041,77.1025,28.7,1007.63,56.46,0,none
2026-08-01 20:00:00,AWS_DELHI_02,Plains,28.7041,77.1025,28.33,1008.47,56.28,0,none
2026-08-01 20:15:00,AWS_DELHI_02,Plains,28.7041,77.1025,27.32,1008.23,58.25,0,none
2026-08-01 20:30:00,AWS_DELHI_02,Plains,28.7041,77.1025,27.15,1008.13,58.82,0,none
2026-08-01 20:45:00,AWS_DELHI_02,Plains,28.7041,77.1025,26.21,1007.89,60.38,0,none
2026-08-01 21:00:00,AWS_DELHI_02,Plains,28.7041,77.1025,25.31,1008.76,60.12,0,none
2026-08-01 21:15:00,AWS_DELHI_02,Plains,28.7041,77.1025,25.91,1008.4,60.38,0,none
2026-08-01 21:30:00,AWS_DELHI_02,Plains,28.7041,77.1025,24.78,1009.27,64.15,0,none
2026-08-01 21:45:00,AWS_DELHI_02,Plains,28.7041,77.1025,23.79,1009.06,62.61,0,none
2026-08-01 22:00:00,AWS_DELHI_02,Plains,28.7041,77.1025,23.71,1008.66,64.81,0,none
2026-08-01 22:15:00,AWS_DELHI_02,Plains,28.7041,77.1025,23.3,1008.77,66.52,0,none
2026-08-01 22:30:00,AWS_DELHI_02,Plains,28.7041,77.1025,23.24,1009.58,65.74,0,none
2026-08-01 22:45:00,AWS_DELHI_02,Plains,28.7041,77.1025,23.6,1009.11,65.23,0,none
2026-08-01 23:00:00,AWS_DELHI_02,Plains,28.7041,77.1025,22.49,1009.04,66.71,0,none
2026-08-01 23:15:00,AWS_DELHI_02,Plains,28.7041,77.1025,22.02,1009.25,68.78,0,none
2026-08-01 23:30:00,AWS_DELHI_02,Plains,28.7041,77.1025,22.59,1009.12,68.39,0,none
2026-08-01 23:45:00,AWS_DELHI_02,Plains,28.7041,77.1025,21.71,1009.37,67.23,0,none
2026-08-02 00:00:00,AWS_DELHI_02,Plains,28.7041,77.1025,21.15,1009.28,69.87,0,none
2026-08-02 00:15:00,AWS_DELHI_02,Plains,28.7041,77.1025,20.61,1009.56,70.52,0,none
2026-08-02 00:30:00,AWS_DELHI_02,Plains,28.7041,77.1025,20.72,1009.16,69.54,0,none
2026-08-02 00:45:00,AWS_DELHI_02,Plains,28.7041,77.1025,20.39,1008.97,71.03,0,none
2026-08-02 01:00:00,AWS_DELHI_02,Plains,28.7041,77.1025,20.3,1009.09,70.86,0,none
2026-08-02 01:15:00,AWS_DELHI_02,Plains,28.7041,77.1025,20.68,1009.03,70.53,0,none
2026-08-02 01:30:00,AWS_DELHI_02,Plains,28.7041,77.1025,19.85,1009.04,69.37,0,none
2026-08-02 01:45:00,AWS_DELHI_02,Plains,28.7041,77.1025,20.22,1009.18,72.3,0,none
2026-08-02 02:00:00,AWS_DELHI_02,Plains,28.7041,77.1025,20.38,1009.07,71.95,0,none
2026-08-02 02:15:00,AWS_DELHI_02,Plains,28.7041,77.1025,19.75,1009.17,71.71,0,none
2026-08-02 02:30:00,AWS_DELHI_02,Plains,28.7041,77.1025,19.74,1008.46,72.77,0,none
2026-08-02 02:45:00,AWS_DELHI_02,Plains,28.7041,77.1025,20.09,1008.72,71.9,0,none
2026-08-02 03:00:00,AWS_DELHI_02,Plains,28.7041,77.1025,20.08,1008.72,71.39,0,none
2026-08-02 03:15:00,AWS_DELHI_02,Plains,28.7041,77.1025,20.87,1008.19,67.64,0,none
2026-08-02 03:30:00,AWS_DELHI_02,Plains,28.7041,77.1025,20.19,1008.23,71.41,0,none
2026-08-02 03:45:00,AWS_DELHI_02,Plains,28.7041,77.1025,20.83,1007.67,69.69,0,none
2026-08-02 04:00:00,AWS_DELHI_02,Plains,28.7041,77.1025,22.06,1008.37,69.53,0,none
2026-08-02 04:15:00,AWS_DELHI_02,Plains,28.7041,77.1025,21.48,1007.95,69.06,0,none
2026-08-02 04:30:00,AWS_DELHI_02,Plains,28.7041,77.1025,21.84,1008.18,69.07,0,none
2026-08-02 04:45:00,AWS_DELHI_02,Plains,28.7041,77.1025,22.4,1007.93,68.9,0,none
2026-08-02 05:00:00,AWS_DELHI_02,Plains,28.7041,77.1025,22.1,1007.75,67.69,0,none
2026-08-02 05:15:00,AWS_DELHI_02,Plains,28.7041,77.1025,22.22,1007.28,66.83,0,none
2026-08-02 05:30:00,AWS_DELHI_02,Plains,28.7041,77.1025,23.12,1007.3,65.82,0,none
2026-08-02 05:45:00,AWS_DELHI_02,Plains,28.7041,77.1025,23.57,1006.93,60.78,0,none
2026-08-02 06:00:00,AWS_DELHI_02,Plains,28.7041,77.1025,23.25,1007.53,63.67,0,none
2026-08-02 06:15:00,AWS_DELHI_02,Plains,28.7041,77.1025,24.5,1008.39,62.08,0,none
2026-08-02 06:30:00,AWS_DELHI_02,Plains,28.7041,77.1025,25.24,1007.34,63.83,0,none
2026-08-02 06:45:00,AWS_DELHI_02,Plains,28.7041,77.1025,24.93,1006.97,62.26,0,none
2026-08-02 07:00:00,AWS_DELHI_02,Plains,28.7041,77.1025,25.96,1008.1,60.08,0,none
2026-08-02 07:15:00,AWS_DELHI_02,Plains,28.7041,77.1025,26.64,1008.57,59.31,0,none
2026-08-02 07:30:00,AWS_DELHI_02,Plains,28.7041,77.1025,27.02,1008.02,58.36,0,none
2026-08-02 07:45:00,AWS_DELHI_02,Plains,28.7041,77.1025,27.56,1008.1,57.42,0,none
2026-08-02 08:00:00,AWS_DELHI_02,Plains,28.7041,77.1025,27.7,1008.01,55.27,0,none
2026-08-02 08:15:00,AWS_DELHI_02,Plains,28.7041,77.1025,27.86,1007.66,54.09,0,none
2026-08-02 08:30:00,AWS_DELHI_02,Plains,28.7041,77.1025,28.64,1007.86,55.2,0,none
2026-08-02 08:45:00,AWS_DELHI_02,Plains,28.7041,77.1025,29.09,1008.3,55.55,0,none
2026-08-02 09:00:00,AWS_DELHI_02,Plains,28.7041,77.1025,29.79,1008.35,52.72,0,none
2026-08-02 09:15:00,AWS_DELHI_02,Plains,28.7041,77.1025,30.74,1008.57,52.85,0,none
2026-08-02 09:30:00,AWS_DELHI_02,Plains,28.7041,77.1025,30.26,1008.96,52.51,0,none
2026-08-02 09:45:00,AWS_DELHI_02,Plains,28.7041,77.1025,31.31,1008.63,49.6,0,none
2026-08-02 10:00:00,AWS_DELHI_02,Plains,28.7041,77.1025,31.27,1009.15,49.96,0,none
2026-08-02 10:15:00,AWS_DELHI_02,Plains,28.7041,77.1025,31.84,1008.81,48.4,0,none
2026-08-02 10:30:00,AWS_DELHI_02,Plains,28.7041,77.1025,32.77,1009.38,50.38,0,none
2026-08-02 10:45:00,AWS_DELHI_02,Plains,28.7041,77.1025,32.47,1009.16,49.62,1,frozen_value
2026-08-02 11:00:00,AWS_DELHI_02,Plains,28.7041,77.1025,32.47,1009.06,45.88,1,frozen_value
2026-08-02 11:15:00,AWS_DELHI_02,Plains,28.7041,77.1025,32.47,1009.26,46.91,1,frozen_value
2026-08-02 11:30:00,AWS_DELHI_02,Plains,28.7041,77.1025,32.47,1009.18,47.14,1,frozen_value
2026-08-02 11:45:00,AWS_DELHI_02,Plains,28.7041,77.1025,32.47,1009.33,46.34,1,frozen_value
2026-08-02 12:00:00,AWS_DELHI_02,Plains,28.7041,77.1025,32.47,1009.53,44.94,1,frozen_value
2026-08-02 12:15:00,AWS_DELHI_02,Plains,28.7041,77.1025,32.47,1009.27,45.98,1,frozen_value
2026-08-02 12:30:00,AWS_DELHI_02,Plains,28.7041,77.1025,32.47,1009.16,42.94,1,frozen_value
2026-08-02 12:45:00,AWS_DELHI_02,Plains,28.7041,77.1025,32.47,1008.9,43.34,1,frozen_value
2026-08-02 13:00:00,AWS_DELHI_02,Plains,28.7041,77.1025,32.47,1009.37,42.39,1,frozen_value
2026-08-02 13:15:00,AWS_DELHI_02,Plains,28.7041,77.1025,32.47,1009.24,44.17,1,frozen_value
2026-08-02 13:30:00,AWS_DELHI_02,Plains,28.7041,77.1025,32.47,1008.71,42.38,1,frozen_value
2026-08-02 13:45:00,AWS_DELHI_02,Plains,28.7041,77.1025,35.47,1009.24,42.78,0,none
2026-08-02 14:00:00,AWS_DELHI_02,Plains,28.7041,77.1025,35.3,1008.54,43.7,0,none
2026-08-02 14:15:00,AWS_DELHI_02,Plains,28.7041,77.1025,35.93,1009.11,43.83,0,none
2026-08-02 14:30:00,AWS_DELHI_02,Plains,28.7041,77.1025,35.99,1008.91,41.99,0,none
2026-08-02 14:45:00,AWS_DELHI_02,Plains,28.7041,77.1025,36.14,1008.73,44.5,0,none
2026-08-02 15:00:00,AWS_DELHI_02,Plains,28.7041,77.1025,34.66,1008.39,43.99,0,none
2026-08-02 15:15:00,AWS_DELHI_02,Plains,28.7041,77.1025,34.68,1008.57,42.41,0,none
2026-08-02 15:30:00,AWS_DELHI_02,Plains,28.7041,77.1025,35.47,1008.62,42.44,0,none
2026-08-02 15:45:00,AWS_DELHI_02,Plains,28.7041,77.1025,34.17,1008.37,44.39,0,none
2026-08-02 16:00:00,AWS_DELHI_02,Plains,28.7041,77.1025,35.05,1007.9,45.86,0,none
2026-08-02 16:15:00,AWS_DELHI_02,Plains,28.7041,77.1025,34.2,1008.09,46.38,0,none
2026-08-02 16:30:00,AWS_DELHI_02,Plains,28.7041,77.1025,33.78,1008.27,46.29,0,none
2026-08-02 16:45:00,AWS_DELHI_02,Plains,28.7041,77.1025,33.75,1008.53,46.5,0,none
2026-08-02 17:00:00,AWS_DELHI_02,Plains,28.7041,77.1025,32.78,1007.75,47.69,0,none
2026-08-02 17:15:00,AWS_DELHI_02,Plains,28.7041,77.1025,33.27,1008.02,46.72,0,none
2026-08-02 17:30:00,AWS_DELHI_02,Plains,28.7041,77.1025,33.22,1008.07,50.48,0,none
2026-08-02 17:45:00,AWS_DELHI_02,Plains,28.7041,77.1025,32.48,1007.46,51.21,0,none
2026-08-02 18:00:00,AWS_DELHI_02,Plains,28.7041,77.1025,31.6,1008.23,50.49,0,none
2026-08-02 18:15:00,AWS_DELHI_02,Plains,28.7041,77.1025,30.63,1007.39,51.03,0,none
2026-08-02 18:30:00,AWS_DELHI_02,Plains,28.7041,77.1025,30.19,1007.97,51.13,0,none
2026-08-02 18:45:00,AWS_DELHI_02,Plains,28.7041,77.1025,29.78,1007.85,53.12,0,none
2026-08-02 19:00:00,AWS_DELHI_02,Plains,28.7041,77.1025,29.81,1007.82,52.54,0,none
2026-08-02 19:15:00,AWS_DELHI_02,Plains,28.7041,77.1025,29.37,1008.63,51.59,0,none
2026-08-02 19:30:00,AWS_DELHI_02,Plains,28.7041,77.1025,29.17,1007.84,51.91,0,none
2026-08-02 19:45:00,AWS_DELHI_02,Plains,28.7041,77.1025,27.59,1007.92,55.12,0,none
2026-08-02 20:00:00,AWS_DELHI_02,Plains,28.7041,77.1025,28.32,1008.5,57.19,0,none
2026-08-02 20:15:00,AWS_DELHI_02,Plains,28.7041,77.1025,27.57,1008.42,58.32,0,none
2026-08-02 20:30:00,AWS_DELHI_02,Plains,28.7041,77.1025,26.65,1008.68,58.25,0,none
2026-08-02 20:45:00,AWS_DELHI_02,Plains,28.7041,77.1025,25.8,1008.43,59.91,0,none
2026-08-02 21:00:00,AWS_DELHI_02,Plains,28.7041,77.1025,26.28,1008.6,60.3,0,none
2026-08-02 21:15:00,AWS_DELHI_02,Plains,28.7041,77.1025,25.17,1009.17,60.31,0,none
2026-08-02 21:30:00,AWS_DELHI_02,Plains,28.7041,77.1025,24.81,1008.46,62.31,0,none
2026-08-02 21:45:00,AWS_DELHI_02,Plains,28.7041,77.1025,24.5,1008.78,64.19,0,none
2026-08-02 22:00:00,AWS_DELHI_02,Plains,28.7041,77.1025,23.53,1009.14,62.88,0,none
2026-08-02 22:15:00,AWS_DELHI_02,Plains,28.7041,77.1025,23.35,1008.93,63.66,0,none
2026-08-02 22:30:00,AWS_DELHI_02,Plains,28.7041,77.1025,23.4,1008.89,64.26,0,none
2026-08-02 22:45:00,AWS_DELHI_02,Plains,28.7041,77.1025,22.96,1009.32,63.93,0,none
2026-08-02 23:00:00,AWS_DELHI_02,Plains,28.7041,77.1025,22.59,1009.59,66.35,0,none
2026-08-02 23:15:00,AWS_DELHI_02,Plains,28.7041,77.1025,21.47,1009.2,68.41,0,none
2026-08-02 23:30:00,AWS_DELHI_02,Plains,28.7041,77.1025,21.52,1009.22,68.35,0,none
2026-08-02 23:45:00,AWS_DELHI_02,Plains,28.7041,77.1025,21.16,1009.1,68.47,0,none
2026-08-03 00:00:00,AWS_DELHI_02,Plains,28.7041,77.1025,21.22,1009.21,69.31,0,none
2026-08-03 00:15:00,AWS_DELHI_02,Plains,28.7041,77.1025,20.94,1009.62,69.01,0,none
2026-08-03 00:30:00,AWS_DELHI_02,Plains,28.7041,77.1025,20.66,1009.3,67.63,0,none
2026-08-03 00:45:00,AWS_DELHI_02,Plains,28.7041,77.1025,21.4,1009.0,71.24,0,none
2026-08-03 01:00:00,AWS_DELHI_02,Plains,28.7041,77.1025,20.15,1009.27,71.85,0,none
2026-08-03 01:15:00,AWS_DELHI_02,Plains,28.7041,77.1025,19.99,1009.45,69.9,0,none
2026-08-03 01:30:00,AWS_DELHI_02,Plains,28.7041,77.1025,44.6,1008.9,70.74,1,spike
2026-08-03 01:45:00,AWS_DELHI_02,Plains,28.7041,77.1025,19.4,1008.59,70.73,0,none
2026-08-03 02:00:00,AWS_DELHI_02,Plains,28.7041,77.1025,19.51,1009.56,71.46,0,none
2026-08-03 02:15:00,AWS_DELHI_02,Plains,28.7041,77.1025,19.73,1008.39,73.04,0,none
2026-08-03 02:30:00,AWS_DELHI_02,Plains,28.7041,77.1025,20.59,1008.6,72.31,0,none
2026-08-03 02:45:00,AWS_DELHI_02,Plains,28.7041,77.1025,20.17,1008.67,70.32,0,none
2026-08-03 03:00:00,AWS_DELHI_02,Plains,28.7041,77.1025,20.34,1008.42,71.21,0,none
2026-08-03 03:15:00,AWS_DELHI_02,Plains,28.7041,77.1025,20.38,1008.37,71.8,0,none
2026-08-03 03:30:00,AWS_DELHI_02,Plains,28.7041,77.1025,20.74,1008.47,70.46,0,none
2026-08-03 03:45:00,AWS_DELHI_02,Plains,28.7041,77.1025,21.37,1007.48,69.59,0,none
2026-08-03 04:00:00,AWS_DELHI_02,Plains,28.7041,77.1025,20.25,1007.72,69.69,0,none
2026-08-03 04:15:00,AWS_DELHI_02,Plains,28.7041,77.1025,21.8,1008.03,67.83,0,none
2026-08-03 04:30:00,AWS_DELHI_02,Plains,28.7041,77.1025,20.61,1007.81,67.47,0,none
2026-08-03 04:45:00,AWS_DELHI_02,Plains,28.7041,77.1025,21.95,1007.9,66.28,0,none
2026-08-03 05:00:00,AWS_DELHI_02,Plains,28.7041,77.1025,23.16,1007.88,67.3,0,none
2026-08-03 05:15:00,AWS_DELHI_02,Plains,28.7041,77.1025,22.93,1007.13,66.1,0,none
2026-08-03 05:30:00,AWS_DELHI_02,Plains,28.7041,77.1025,23.2,1008.11,64.56,0,none
2026-08-03 05:45:00,AWS_DELHI_02,Plains,28.7041,77.1025,24.27,1007.56,64.6,0,none
2026-08-03 06:00:00,AWS_DELHI_02,Plains,28.7041,77.1025,23.62,1007.44,64.58,0,none
2026-08-03 06:15:00,AWS_DELHI_02,Plains,28.7041,77.1025,24.52,1007.77,65.51,0,none
2026-08-03 06:30:00,AWS_DELHI_02,Plains,28.7041,77.1025,25.05,1007.76,63.59,0,none
2026-08-03 06:45:00,AWS_DELHI_02,Plains,28.7041,77.1025,25.08,1008.12,58.77,0,none
2026-08-03 07:00:00,AWS_DELHI_02,Plains,28.7041,77.1025,25.61,1007.89,60.92,0,none
2026-08-03 07:15:00,AWS_DELHI_02,Plains,28.7041,77.1025,26.06,1008.21,61.45,0,none
2026-08-03 07:30:00,AWS_DELHI_02,Plains,28.7041,77.1025,26.82,1007.65,57.23,0,none
2026-08-03 07:45:00,AWS_DELHI_02,Plains,28.7041,77.1025,27.51,1008.06,58.58,0,none
2026-08-03 08:00:00,AWS_DELHI_02,Plains,28.7041,77.1025,27.85,1007.77,56.72,0,none
2026-08-03 08:15:00,AWS_DELHI_02,Plains,28.7041,77.1025,28.59,1008.22,57.46,0,none
2026-08-03 08:30:00,AWS_DELHI_02,Plains,28.7041,77.1025,29.44,982.82,55.65,1,noise_burst
2026-08-03 08:45:00,AWS_DELHI_02,Plains,28.7041,77.1025,29.89,1003.42,53.2,1,noise_burst
2026-08-03 09:00:00,AWS_DELHI_02,Plains,28.7041,77.1025,34.68,1001.83,53.13,1,noise_burst
2026-08-03 09:15:00,AWS_DELHI_02,Plains,28.7041,77.1025,28.22,1003.78,52.32,1,noise_burst
2026-08-03 09:30:00,AWS_DELHI_02,Plains,28.7041,77.1025,38.21,1011.7,51.48,1,noise_burst
2026-08-03 09:45:00,AWS_DELHI_02,Plains,28.7041,77.1025,23.62,1025.0,52.13,1,noise_burst
2026-08-03 10:00:00,AWS_DELHI_02,Plains,28.7041,77.1025,43.2,1006.01,48.97,1,noise_burst
2026-08-03 10:15:00,AWS_DELHI_02,Plains,28.7041,77.1025,28.13,998.26,50.4,1,noise_burst
2026-08-03 10:30:00,AWS_DELHI_02,Plains,28.7041,77.1025,32.52,1009.08,48.09,0,none
2026-08-03 10:45:00,AWS_DELHI_02,Plains,28.7041,77.1025,32.52,1009.12,48.01,0,none
2026-08-03 11:00:00,AWS_DELHI_02,Plains,28.7041,77.1025,32.68,1008.77,47.16,0,none
2026-08-03 11:15:00,AWS_DELHI_02,Plains,28.7041,77.1025,33.68,1008.8,46.42,0,none
2026-08-03 11:30:00,AWS_DELHI_02,Plains,28.7041,77.1025,34.08,1008.49,45.84,0,none
2026-08-03 11:45:00,AWS_DELHI_02,Plains,28.7041,77.1025,33.9,1008.93,47.07,0,none
2026-08-03 12:00:00,AWS_DELHI_02,Plains,28.7041,77.1025,34.85,1009.3,45.85,0,none
2026-08-03 12:15:00,AWS_DELHI_02,Plains,28.7041,77.1025,34.61,1009.34,43.97,0,none
2026-08-03 12:30:00,AWS_DELHI_02,Plains,28.7041,77.1025,34.34,1009.33,45.93,0,none
2026-08-03 12:45:00,AWS_DELHI_02,Plains,28.7041,77.1025,35.69,1009.01,44.03,0,none
2026-08-03 13:00:00,AWS_DELHI_02,Plains,28.7041,77.1025,35.79,1009.19,43.87,0,none
2026-08-03 13:15:00,AWS_DELHI_02,Plains,28.7041,77.1025,34.64,1009.25,42.22,0,none
2026-08-03 13:30:00,AWS_DELHI_02,Plains,28.7041,77.1025,35.31,1008.69,42.48,0,none
2026-08-03 13:45:00,AWS_DELHI_02,Plains,28.7041,77.1025,35.34,1009.02,42.16,0,none
2026-08-03 14:00:00,AWS_DELHI_02,Plains,28.7041,77.1025,36.26,1009.1,43.06,0,none
2026-08-03 14:15:00,AWS_DELHI_02,Plains,28.7041,77.1025,35.54,1008.66,43.76,0,none
2026-08-03 14:30:00,AWS_DELHI_02,Plains,28.7041,77.1025,34.93,1009.03,43.52,0,none
2026-08-03 14:45:00,AWS_DELHI_02,Plains,28.7041,77.1025,35.8,1008.46,45.14,0,none
2026-08-03 15:00:00,AWS_DELHI_02,Plains,28.7041,77.1025,34.84,1008.24,42.37,0,none
2026-08-03 15:15:00,AWS_DELHI_02,Plains,28.7041,77.1025,35.08,1008.56,43.84,0,none
2026-08-03 15:30:00,AWS_DELHI_02,Plains,28.7041,77.1025,34.7,1008.9,42.49,0,none
2026-08-03 15:45:00,AWS_DELHI_02,Plains,28.7041,77.1025,34.57,1008.22,43.3,0,none
2026-08-03 16:00:00,AWS_DELHI_02,Plains,28.7041,77.1025,34.93,1008.29,46.36,0,none
2026-08-03 16:15:00,AWS_DELHI_02,Plains,28.7041,77.1025,34.89,1007.86,44.77,0,none
2026-08-03 16:30:00,AWS_DELHI_02,Plains,28.7041,77.1025,33.48,1007.56,44.9,0,none
2026-08-03 16:45:00,AWS_DELHI_02,Plains,28.7041,77.1025,33.91,1007.92,43.89,0,none
2026-08-03 17:00:00,AWS_DELHI_02,Plains,28.7041,77.1025,33.02,1007.9,46.1,0,none
2026-08-03 17:15:00,AWS_DELHI_02,Plains,28.7041,77.1025,32.66,1007.65,47.5,0,none
2026-08-03 17:30:00,AWS_DELHI_02,Plains,28.7041,77.1025,32.74,1007.92,46.82,0,none
2026-08-03 17:45:00,AWS_DELHI_02,Plains,28.7041,77.1025,31.72,1007.51,48.88,0,none
2026-08-03 18:00:00,AWS_DELHI_02,Plains,28.7041,77.1025,31.89,1007.43,51.5,0,none
2026-08-03 18:15:00,AWS_DELHI_02,Plains,28.7041,77.1025,31.54,1008.03,49.94,0,none
2026-08-03 18:30:00,AWS_DELHI_02,Plains,28.7041,77.1025,30.61,1008.05,50.5,0,none
2026-08-03 18:45:00,AWS_DELHI_02,Plains,28.7041,77.1025,30.84,1007.57,51.14,0,none
2026-08-03 19:00:00,AWS_DELHI_02,Plains,28.7041,77.1025,29.31,1008.32,52.0,0,none
2026-08-03 19:15:00,AWS_DELHI_02,Plains,28.7041,77.1025,29.86,1007.78,54.9,0,none
2026-08-03 19:30:00,AWS_DELHI_02,Plains,28.7041,77.1025,28.04,1007.96,55.23,0,none
2026-08-03 19:45:00,AWS_DELHI_02,Plains,28.7041,77.1025,29.39,1007.99,57.23,0,none
2026-08-03 20:00:00,AWS_DELHI_02,Plains,28.7041,77.1025,27.64,1008.26,59.42,0,none
2026-08-03 20:15:00,AWS_DELHI_02,Plains,28.7041,77.1025,26.82,1008.28,55.72,0,none
2026-08-03 20:30:00,AWS_DELHI_02,Plains,28.7041,77.1025,26.69,1008.37,59.29,0,none
2026-08-03 20:45:00,AWS_DELHI_02,Plains,28.7041,77.1025,25.86,1008.09,58.4,0,none
2026-08-03 21:00:00,AWS_DELHI_02,Plains,28.7041,77.1025,25.94,1007.99,61.58,0,none
2026-08-03 21:15:00,AWS_DELHI_02,Plains,28.7041,77.1025,25.84,1008.95,61.19,0,none
2026-08-03 21:30:00,AWS_DELHI_02,Plains,28.7041,77.1025,24.42,1008.54,62.41,0,none
2026-08-03 21:45:00,AWS_DELHI_02,Plains,28.7041,77.1025,24.58,1008.79,61.67,0,none
2026-08-03 22:00:00,AWS_DELHI_02,Plains,28.7041,77.1025,23.29,1009.0,63.51,0,none
2026-08-03 22:15:00,AWS_DELHI_02,Plains,28.7041,77.1025,23.88,1009.48,64.91,0,none
2026-08-03 22:30:00,AWS_DELHI_02,Plains,28.7041,77.1025,23.22,1009.11,67.17,0,none
2026-08-03 22:45:00,AWS_DELHI_02,Plains,28.7041,77.1025,23.09,1009.02,65.3,0,none
2026-08-03 23:00:00,AWS_DELHI_02,Plains,28.7041,77.1025,22.24,1009.04,66.27,0,none
2026-08-03 23:15:00,AWS_DELHI_02,Plains,28.7041,77.1025,21.76,1009.23,68.69,0,none
2026-08-03 23:30:00,AWS_DELHI_02,Plains,28.7041,77.1025,21.94,1009.0,67.11,0,none
2026-08-03 23:45:00,AWS_DELHI_02,Plains,28.7041,77.1025,20.79,1009.3,70.04,0,none
2026-08-01 00:00:00,AWS_GURUGRAM_01,Plains,28.4595,77.0266,21.58,1008.66,65.21,0,none
2026-08-01 00:15:00,AWS_GURUGRAM_01,Plains,28.4595,77.0266,21.23,1008.34,67.83,0,none
2026-08-01 00:30:00,AWS_GURUGRAM_01,Plains,28.4595,77.0266,20.3,1008.46,64.62,0,none
2026-08-01 00:45:00,AWS_GURUGRAM_01,Plains,28.4595,77.0266,20.73,1008.59,67.09,0,none
2026-08-01 01:00:00,AWS_GURUGRAM_01,Plains,28.4595,77.0266,20.54,1008.54,66.78,0,none
2026-08-01 01:15:00,AWS_GURUGRAM_01,Plains,28.4595,77.0266,20.24,1008.4,69.24,0,none
2026-08-01 01:30:00,AWS_GURUGRAM_01,Plains,28.4595,77.0266,20.78,1007.95,68.35,0,none
2026-08-01 01:45:00,AWS_GURUGRAM_01,Plains,28.4595,77.0266,20.0,1008.48,67.03,0,none
2026-08-01 02:00:00,AWS_GURUGRAM_01,Plains,28.4595,77.0266,20.48,1008.45,68.78,0,none
2026-08-01 02:15:00,AWS_GURUGRAM_01,Plains,28.4595,77.0266,20.26,1008.6,67.26,0,none
2026-08-01 02:30:00,AWS_GURUGRAM_01,Plains,28.4595,77.0266,20.41,1008.14,68.83,0,none
2026-08-01 02:45:00,AWS_GURUGRAM_01,Plains,28.4595,77.0266,20.62,1007.9,67.19,0,none
2026-08-01 03:00:00,AWS_GURUGRAM_01,Plains,28.4595,77.0266,20.06,1007.5,68.52,0,none
2026-08-01 03:15:00,AWS_GURUGRAM_01,Plains,28.4595,77.0266,20.81,1008.14,67.5,0,none
2026-08-01 03:30:00,AWS_GURUGRAM_01,Plains,28.4595,77.0266,21.84,1007.67,70.55,0,none
2026-08-01 03:45:00,AWS_GURUGRAM_01,Plains,28.4595,77.0266,20.52,1007.55,66.17,0,none
2026-08-01 04:00:00,AWS_GURUGRAM_01,Plains,28.4595,77.0266,21.38,1007.32,66.24,0,none
2026-08-01 04:15:00,AWS_GURUGRAM_01,Plains,28.4595,77.0266,22.13,1007.22,64.7,0,none
2026-08-01 04:30:00,AWS_GURUGRAM_01,Plains,28.4595,77.0266,22.12,1007.44,64.71,0,none
2026-08-01 04:45:00,AWS_GURUGRAM_01,Plains,28.4595,77.0266,22.61,1006.86,60.85,0,none
2026-08-01 05:00:00,AWS_GURUGRAM_01,Plains,28.4595,77.0266,21.75,1007.59,64.0,0,none
2026-08-01 05:15:00,AWS_GURUGRAM_01,Plains,28.4595,77.0266,23.33,1007.48,64.34,0,none
2026-08-01 05:30:00,AWS_GURUGRAM_01,Plains,28.4595,77.0266,23.2,1006.92,62.46,0,none
2026-08-01 05:45:00,AWS_GURUGRAM_01,Plains,28.4595,77.0266,24.07,1006.75,59.62,0,none
2026-08-01 06:00:00,AWS_GURUGRAM_01,Plains,28.4595,77.0266,24.39,1006.4,59.42,0,none
2026-08-01 06:15:00,AWS_GURUGRAM_01,Plains,28.4595,77.0266,25.78,1006.63,56.61,0,none
2026-08-01 06:30:00,AWS_GURUGRAM_01,Plains,28.4595,77.0266,25.58,1007.25,59.82,0,none
2026-08-01 06:45:00,AWS_GURUGRAM_01,Plains,28.4595,77.0266,25.82,1007.16,56.54,0,none
2026-08-01 07:00:00,AWS_GURUGRAM_01,Plains,28.4595,77.0266,25.77,1007.26,56.79,0,none
2026-08-01 07:15:00,AWS_GURUGRAM_01,Plains,28.4595,77.0266,26.95,1006.61,55.7,0,none
2026-08-01 07:30:00,AWS_GURUGRAM_01,Plains,28.4595,77.0266,27.76,1007.12,56.71,0,none
2026-08-01 07:45:00,AWS_GURUGRAM_01,Plains,28.4595,77.0266,27.93,1007.72,54.07,0,none
2026-08-01 08:00:00,AWS_GURUGRAM_01,Plains,28.4595,77.0266,28.3,1007.37,53.97,0,none
2026-08-01 08:15:00,AWS_GURUGRAM_01,Plains,28.4595,77.0266,28.81,1007.11,52.69,0,none
2026-08-01 08:30:00,AWS_GURUGRAM_01,Plains,28.4595,77.0266,29.78,1007.56,52.7,0,none
2026-08-01 08:45:00,AWS_GURUGRAM_01,Plains,28.4595,77.0266,30.4,1007.46,49.83,0,none
2026-08-01 09:00:00,AWS_GURUGRAM_01,Plains,28.4595,77.0266,31.17,1007.9,51.42,0,none
2026-08-01 09:15:00,AWS_GURUGRAM_01,Plains,28.4595,77.0266,30.74,1007.91,45.87,0,none
2026-08-01 09:30:00,AWS_GURUGRAM_01,Plains,28.4595,77.0266,31.85,1008.17,48.38,0,none
2026-08-01 09:45:00,AWS_GURUGRAM_01,Plains,28.4595,77.0266,32.08,1007.74,45.43,0,none
2026-08-01 10:00:00,AWS_GURUGRAM_01,Plains,28.4595,77.0266,32.56,1008.07,45.03,0,none
2026-08-01 10:15:00,AWS_GURUGRAM_01,Plains,28.4595,77.0266,33.22,1008.61,45.48,0,none
2026-08-01 10:30:00,AWS_GURUGRAM_01,Plains,28.4595,77.0266,33.65,1007.96,44.69,0,none
2026-08-01 10:45:00,AWS_GURUGRAM_01,Plains,28.4595,77.0266,34.12,1008.13,44.0,0,none
2026-08-01 11:00:00,AWS_GURUGRAM_01,Plains,28.4595,77.0266,33.88,1008.55,40.9,0,none
2026-08-01 11:15:00,AWS_GURUGRAM_01,Plains,28.4595,77.0266,34.37,1008.63,43.64,0,none
2026-08-01 11:30:00,AWS_GURUGRAM_01,Plains,28.4595,77.0266,35.6,1008.43,40.21,0,none
2026-08-01 11:45:00,AWS_GURUGRAM_01,Plains,28.4595,77.0266,35.23,1008.51,39.81,0,none
2026-08-01 12:00:00,AWS_GURUGRAM_01,Plains,28.4595,77.0266,35.72,1008.76,40.98,0,none
2026-08-01 12:15:00,AWS_GURUGRAM_01,Plains,28.4595,77.0266,36.28,1008.85,39.42,0,none
2026-08-01 12:30:00,AWS_GURUGRAM_01,Plains,28.4595,77.0266,36.26,1008.25,39.73,0,none
2026-08-01 12:45:00,AWS_GURUGRAM_01,Plains,28.4595,77.0266,36.48,1008.65,36.44,0,none
2026-08-01 13:00:00,AWS_GURUGRAM_01,Plains,28.4595,77.0266,36.78,1008.95,39.08,0,none
2026-08-01 13:15:00,AWS_GURUGRAM_01,Plains,28.4595,77.0266,35.7,1008.4,38.79,0,none
2026-08-01 13:30:00,AWS_GURUGRAM_01,Plains,28.4595,77.0266,36.43,1008.04,37.75,0,none
2026-08-01 13:45:00,AWS_GURUGRAM_01,Plains,28.4595,77.0266,36.87,1007.95,35.78,0,none
2026-08-01 14:00:00,AWS_GURUGRAM_01,Plains,28.4595,77.0266,37.26,1008.15,37.98,0,none
2026-08-01 14:15:00,AWS_GURUGRAM_01,Plains,28.4595,77.0266,36.71,1008.42,38.23,0,none
2026-08-01 14:30:00,AWS_GURUGRAM_01,Plains,28.4595,77.0266,36.29,1007.99,37.93,1,frozen_value
2026-08-01 14:45:00,AWS_GURUGRAM_01,Plains,28.4595,77.0266,36.29,1007.96,36.32,1,frozen_value
2026-08-01 15:00:00,AWS_GURUGRAM_01,Plains,28.4595,77.0266,36.29,1007.5,40.66,1,frozen_value
2026-08-01 15:15:00,AWS_GURUGRAM_01,Plains,28.4595,77.0266,36.29,1007.99,38.26,1,frozen_value
2026-08-01 15:30:00,AWS_GURUGRAM_01,Plains,28.4595,77.0266,36.29,1007.25,39.1,1,frozen_value
2026-08-01 15:45:00,AWS_GURUGRAM_01,Plains,28.4595,77.0266,36.29,1007.34,36.87,1,frozen_value
2026-08-01 16:00:00,AWS_GURUGRAM_01,Plains,28.4595,77.0266,36.29,1007.59,42.13,1,frozen_value
2026-08-01 16:15:00,AWS_GURUGRAM_01,Plains,28.4595,77.0266,36.29,1006.7,40.17,1,frozen_value
2026-08-01 16:30:00,AWS_GURUGRAM_01,Plains,28.4595,77.0266,36.29,1007.29,41.41,1,frozen_value
2026-08-01 16:45:00,AWS_GURUGRAM_01,Plains,28.4595,77.0266,36.29,1006.85,43.25,1,frozen_value
2026-08-01 17:00:00,AWS_GURUGRAM_01,Plains,28.4595,77.0266,36.29,1007.11,41.75,1,frozen_value
2026-08-01 17:15:00,AWS_GURUGRAM_01,Plains,28.4595,77.0266,36.29,1006.96,44.42,1,frozen_value
2026-08-01 17:30:00,AWS_GURUGRAM_01,Plains,28.4595,77.0266,33.99,1007.66,41.54,0,none
2026-08-01 17:45:00,AWS_GURUGRAM_01,Plains,28.4595,77.0266,32.29,1006.89,45.46,0,none
2026-08-01 18:00:00,AWS_GURUGRAM_01,Plains,28.4595,77.0266,33.05,1007.55,47.51,0,none
2026-08-01 18:15:00,AWS_GURUGRAM_01,Plains,28.4595,77.0266,32.02,1007.18,45.78,0,none
2026-08-01 18:30:00,AWS_GURUGRAM_01,Plains,28.4595,77.0266,31.83,1006.79,48.69,0,none
2026-08-01 18:45:00,AWS_GURUGRAM_01,Plains,28.4595,77.0266,31.4,1007.16,50.46,0,none
2026-08-01 19:00:00,AWS_GURUGRAM_01,Plains,28.4595,77.0266,30.8,1007.02,48.87,0,none
2026-08-01 19:15:00,AWS_GURUGRAM_01,Plains,28.4595,77.0266,29.75,1007.24,49.72,0,none
2026-08-01 19:30:00,AWS_GURUGRAM_01,Plains,28.4595,77.0266,29.42,1007.02,50.0,0,none
2026-08-01 19:45:00,AWS_GURUGRAM_01,Plains,28.4595,77.0266,28.45,1007.82,51.42,0,none
2026-08-01 20:00:00,AWS_GURUGRAM_01,Plains,28.4595,77.0266,28.7,1007.68,52.02,0,none
2026-08-01 20:15:00,AWS_GURUGRAM_01,Plains,28.4595,77.0266,28.64,1007.5,52.89,0,none
2026-08-01 20:30:00,AWS_GURUGRAM_01,Plains,28.4595,77.0266,26.7,1008.11,56.37,0,none
2026-08-01 20:45:00,AWS_GURUGRAM_01,Plains,28.4595,77.0266,26.6,1007.72,54.93,0,none
2026-08-01 21:00:00,AWS_GURUGRAM_01,Plains,28.4595,77.0266,26.3,1008.13,57.13,0,none
2026-08-01 21:15:00,AWS_GURUGRAM_01,Plains,28.4595,77.0266,25.93,1007.92,57.79,0,none
2026-08-01 21:30:00,AWS_GURUGRAM_01,Plains,28.4595,77.0266,25.71,1008.13,60.45,0,none
2026-08-01 21:45:00,AWS_GURUGRAM_01,Plains,28.4595,77.0266,24.81,1008.08,58.92,0,none
2026-08-01 22:00:00,AWS_GURUGRAM_01,Plains,28.4595,77.0266,24.27,1008.23,60.84,0,none
2026-08-01 22:15:00,AWS_GURUGRAM_01,Plains,28.4595,77.0266,24.39,1008.34,62.15,0,none
2026-08-01 22:30:00,AWS_GURUGRAM_01,Plains,28.4595,77.0266,23.77,1008.16,63.77,0,none
2026-08-01 22:45:00,AWS_GURUGRAM_01,Plains,28.4595,77.0266,23.31,1008.31,62.11,0,none
2026-08-01 23:00:00,AWS_GURUGRAM_01,Plains,28.4595,77.0266,22.75,1008.43,62.7,0,none
2026-08-01 23:15:00,AWS_GURUGRAM_01,Plains,28.4595,77.0266,22.73,1008.61,62.82,0,none
2026-08-01 23:30:00,AWS_GURUGRAM_01,Plains,28.4595,77.0266,21.73,1008.56,67.39,0,none
2026-08-01 23:45:00,AWS_GURUGRAM_01,Plains,28.4595,77.0266,21.36,1008.95,66.93,0,none
2026-08-02 00:00:00,AWS_GURUGRAM_01,Plains,28.4595,77.0266,21.7,1008.85,65.73,0,none
2026-08-02 00:15:00,AWS_GURUGRAM_01,Plains,28.4595,77.0266,20.5,1008.53,68.56,0,none
2026-08-02 00:30:00,AWS_GURUGRAM_01,Plains,28.4595,77.0266,20.96,1008.99,66.51,0,none
2026-08-02 00:45:00,AWS_GURUGRAM_01,Plains,28.4595,77.0266,20.61,1009.1,67.85,0,none
2026-08-02 01:00:00,AWS_GURUGRAM_01,Plains,28.4595,77.0266,20.02,1007.88,67.27,0,none
2026-08-02 01:15:00,AWS_GURUGRAM_01,Plains,28.4595,77.0266,20.09,1008.71,67.95,0,none
2026-08-02 01:30:00,AWS_GURUGRAM_01,Plains,28.4595,77.0266,20.33,1008.16,67.98,0,none
2026-08-02 01:45:00,AWS_GURUGRAM_01,Plains,28.4595,77.0266,20.73,1008.53,67.22,0,none
2026-08-02 02:00:00,AWS_GURUGRAM_01,Plains,28.4595,77.0266,20.04,1008.57,69.07,0,none
2026-08-02 02:15:00,AWS_GURUGRAM_01,Plains,28.4595,77.0266,20.8,1007.84,68.59,0,none
2026-08-02 02:30:00,AWS_GURUGRAM_01,Plains,28.4595,77.0266,20.4,1007.45,68.87,0,none
2026-08-02 02:45:00,AWS_GURUGRAM_01,Plains,28.4595,77.0266,20.98,1008.16,67.86,0,none
2026-08-02 03:00:00,AWS_GURUGRAM_01,Plains,28.4595,77.0266,20.34,1007.84,66.17,0,none
2026-08-02 03:15:00,AWS_GURUGRAM_01,Plains,28.4595,77.0266,20.72,1007.2,69.03,0,none
2026-08-02 03:30:00,AWS_GURUGRAM_01,Plains,28.4595,77.0266,21.07,1008.35,66.32,0,none
2026-08-02 03:45:00,AWS_GURUGRAM_01,Plains,28.4595,77.0266,21.07,1007.68,66.67,0,none
2026-08-02 04:00:00,AWS_GURUGRAM_01,Plains,28.4595,77.0266,21.78,1007.6,66.54,0,none
2026-08-02 04:15:00,AWS_GURUGRAM_01,Plains,28.4595,77.0266,20.8,1007.72,65.7,0,none
2026-08-02 04:30:00,AWS_GURUGRAM_01,Plains,28.4595,77.0266,22.96,1007.06,65.81,0,none
2026-08-02 04:45:00,AWS_GURUGRAM_01,Plains,28.4595,77.0266,22.68,1007.2,65.39,0,none
2026-08-02 05:00:00,AWS_GURUGRAM_01,Plains,28.4595,77.0266,22.63,1006.71,63.17,0,none
2026-08-02 05:15:00,AWS_GURUGRAM_01,Plains,28.4595,77.0266,22.87,1006.88,64.68,0,none
2026-08-02 05:30:00,AWS_GURUGRAM_01,Plains,28.4595,77.0266,23.16,1007.14,61.67,0,none
2026-08-02 05:45:00,AWS_GURUGRAM_01,Plains,28.4595,77.0266,24.2,1006.51,61.6,0,none
2026-08-02 06:00:00,AWS_GURUGRAM_01,Plains,28.4595,77.0266,24.8,1006.81,59.91,0,none
2026-08-02 06:15:00,AWS_GURUGRAM_01,Plains,28.4595,77.0266,24.81,1006.73,58.72,0,none
2026-08-02 06:30:00,AWS_GURUGRAM_01,Plains,28.4595,77.0266,25.8,1007.07,59.9,0,none
2026-08-02 06:45:00,AWS_GURUGRAM_01,Plains,28.4595,77.0266,25.5,1007.23,61.49,0,none
2026-08-02 07:00:00,AWS_GURUGRAM_01,Plains,28.4595,77.0266,25.94,1007.33,56.39,0,none
2026-08-02 07:15:00,AWS_GURUGRAM_01,Plains,28.4595,77.0266,27.63,1007.46,57.34,0,none
2026-08-02 07:30:00,AWS_GURUGRAM_01,Plains,28.4595,77.0266,27.67,1007.65,54.54,0,none
2026-08-02 07:45:00,AWS_GURUGRAM_01,Plains,28.4595,77.0266,28.52,1007.5,53.95,0,none
2026-08-02 08:00:00,AWS_GURUGRAM_01,Plains,28.4595,77.0266,28.16,1007.97,55.11,0,none
2026-08-02 08:15:00,AWS_GURUGRAM_01,Plains,28.4595,77.0266,28.67,1007.53,50.75,0,none
2026-08-02 08:30:00,AWS_GURUGRAM_01,Plains,28.4595,77.0266,29.43,1007.54,49.47,0,none
2026-08-02 08:45:00,AWS_GURUGRAM_01,Plains,28.4595,77.0266,29.77,1007.88,50.02,1,calibration_drift
2026-08-02 09:00:00,AWS_GURUGRAM_01,Plains,28.4595,77.0266,31.43,1007.74,49.98,1,calibration_drift
2026-08-02 09:15:00,AWS_GURUGRAM_01,Plains,28.4595,77.0266,31.88,1008.46,48.81,1,calibration_drift
2026-08-02 09:30:00,AWS_GURUGRAM_01,Plains,28.4595,77.0266,32.73,1008.35,47.78,1,calibration_drift
2026-08-02 09:45:00,AWS_GURUGRAM_01,Plains,28.4595,77.0266,34.27,1008.33,46.51,1,calibration_drift
2026-08-02 10:00:00,AWS_GURUGRAM_01,Plains,28.4595,77.0266,34.69,1008.24,46.56,1,calibration_drift
2026-08-02 10:15:00,AWS_GURUGRAM_01,Plains,28.4595,77.0266,35.47,1008.16,41.3,1,calibration_drift
2026-08-02 10:30:00,AWS_GURUGRAM_01,Plains,28.4595,77.0266,37.2,1008.58,43.11,1,calibration_drift
2026-08-02 10:45:00,AWS_GURUGRAM_01,Plains,28.4595,77.0266,37.38,1008.1,43.16,1,calibration_drift
2026-08-02 11:00:00,AWS_GURUGRAM_01,Plains,28.4595,77.0266,39.3,1008.95,43.41,1,calibration_drift
2026-08-02 11:15:00,AWS_GURUGRAM_01,Plains,28.4595,77.0266,39.32,1008.49,43.69,1,calibration_drift
2026-08-02 11:30:00,AWS_GURUGRAM_01,Plains,28.4595,77.0266,39.85,1008.66,40.23,1,calibration_drift
2026-08-02 11:45:00,AWS_GURUGRAM_01,Plains,28.4595,77.0266,41.46,1008.32,42.48,1,calibration_drift
2026-08-02 12:00:00,AWS_GURUGRAM_01,Plains,28.4595,77.0266,42.44,1008.82,39.67,1,calibration_drift
2026-08-02 12:15:00,AWS_GURUGRAM_01,Plains,28.4595,77.0266,43.36,1008.46,39.61,1,calibration_drift
2026-08-02 12:30:00,AWS_GURUGRAM_01,Plains,28.4595,77.0266,43.97,1008.77,40.06,1,calibration_drift
2026-08-02 12:45:00,AWS_GURUGRAM_01,Plains,28.4595,77.0266,44.19,1008.77,38.78,1,calibration_drift
2026-08-02 13:00:00,AWS_GURUGRAM_01,Plains,28.4595,77.0266,45.58,1008.3,40.08,1,calibration_drift
2026-08-02 13:15:00,AWS_GURUGRAM_01,Plains,28.4595,77.0266,46.32,1008.1,38.04,1,calibration_drift
2026-08-02 13:30:00,AWS_GURUGRAM_01,Plains,28.4595,77.0266,46.06,1008.83,37.9,1,calibration_drift
2026-08-02 13:45:00,AWS_GURUGRAM_01,Plains,28.4595,77.0266,47.04,1008.23,39.53,1,calibration_drift
2026-08-02 14:00:00,AWS_GURUGRAM_01,Plains,28.4595,77.0266,47.55,1008.27,37.32,1,calibration_drift
2026-08-02 14:15:00,AWS_GURUGRAM_01,Plains,28.4595,77.0266,48.25,1008.25,38.57,1,calibration_drift
2026-08-02 14:30:00,AWS_GURUGRAM_01,Plains,28.4595,77.0266,48.55,1007.63,36.37,1,calibration_drift
2026-08-02 14:45:00,AWS_GURUGRAM_01,Plains,28.4595,77.0266,36.52,1008.04,40.71,0,none
2026-08-02 15:00:00,AWS_GURUGRAM_01,Plains,28.4595,77.0266,36.68,1007.83,40.19,0,none
2026-08-02 15:15:00,AWS_GURUGRAM_01,Plains,28.4595,77.0266,,,,1,comm_loss
2026-08-02 15:30:00,AWS_GURUGRAM_01,Plains,28.4595,77.0266,,,,1,comm_loss
2026-08-02 15:45:00,AWS_GURUGRAM_01,Plains,28.4595,77.0266,,,,1,comm_loss
2026-08-02 16:00:00,AWS_GURUGRAM_01,Plains,28.4595,77.0266,,,,1,comm_loss
2026-08-02 16:15:00,AWS_GURUGRAM_01,Plains,28.4595,77.0266,34.46,1007.37,39.63,0,none
2026-08-02 16:30:00,AWS_GURUGRAM_01,Plains,28.4595,77.0266,34.93,1006.8,43.18,0,none
2026-08-02 16:45:00,AWS_GURUGRAM_01,Plains,28.4595,77.0266,33.88,1006.85,40.58,0,none
2026-08-02 17:00:00,AWS_GURUGRAM_01,Plains,28.4595,77.0266,33.32,1006.98,41.18,0,none
2026-08-02 17:15:00,AWS_GURUGRAM_01,Plains,28.4595,77.0266,33.96,1007.53,41.34,0,none
2026-08-02 17:30:00,AWS_GURUGRAM_01,Plains,28.4595,77.0266,33.33,1006.95,43.43,1,frozen_value
2026-08-02 17:45:00,AWS_GURUGRAM_01,Plains,28.4595,77.0266,33.33,1006.87,43.97,1,frozen_value
2026-08-02 18:00:00,AWS_GURUGRAM_01,Plains,28.4595,77.0266,33.33,1006.5,44.11,1,frozen_value
2026-08-02 18:15:00,AWS_GURUGRAM_01,Plains,28.4595,77.0266,33.33,1006.81,48.86,1,frozen_value
2026-08-02 18:30:00,AWS_GURUGRAM_01,Plains,28.4595,77.0266,33.33,1006.66,47.99,1,frozen_value
2026-08-02 18:45:00,AWS_GURUGRAM_01,Plains,28.4595,77.0266,33.33,1006.76,48.75,1,frozen_value
2026-08-02 19:00:00,AWS_GURUGRAM_01,Plains,28.4595,77.0266,33.33,1007.14,51.09,1,frozen_value
2026-08-02 19:15:00,AWS_GURUGRAM_01,Plains,28.4595,77.0266,33.33,1007.04,50.43,1,frozen_value
2026-08-02 19:30:00,AWS_GURUGRAM_01,Plains,28.4595,77.0266,33.33,1007.74,50.18,1,frozen_value
2026-08-02 19:45:00,AWS_GURUGRAM_01,Plains,28.4595,77.0266,33.33,1007.64,49.99,1,frozen_value
2026-08-02 20:00:00,AWS_GURUGRAM_01,Plains,28.4595,77.0266,33.33,1007.22,52.03,1,frozen_value
2026-08-02 20:15:00,AWS_GURUGRAM_01,Plains,28.4595,77.0266,33.33,1007.22,55.77,1,frozen_value
2026-08-02 20:30:00,AWS_GURUGRAM_01,Plains,28.4595,77.0266,27.6,1008.01,53.42,0,none
2026-08-02 20:45:00,AWS_GURUGRAM_01,Plains,28.4595,77.0266,26.78,1008.19,56.3,0,none
2026-08-02 21:00:00,AWS_GURUGRAM_01,Plains,28.4595,77.0266,26.61,1007.14,58.06,0,none
2026-08-02 21:15:00,AWS_GURUGRAM_01,Plains,28.4595,77.0266,26.27,1007.93,58.09,0,none
2026-08-02 21:30:00,AWS_GURUGRAM_01,Plains,28.4595,77.0266,24.77,1007.93,59.13,0,none
2026-08-02 21:45:00,AWS_GURUGRAM_01,Plains,28.4595,77.0266,25.28,1008.3,60.31,0,none
2026-08-02 22:00:00,AWS_GURUGRAM_01,Plains,28.4595,77.0266,24.4,1008.78,60.84,0,none
2026-08-02 22:15:00,AWS_GURUGRAM_01,Plains,28.4595,77.0266,24.49,1008.14,63.13,0,none
2026-08-02 22:30:00,AWS_GURUGRAM_01,Plains,28.4595,77.0266,23.43,1007.75,60.74,0,none
2026-08-02 22:45:00,AWS_GURUGRAM_01,Plains,28.4595,77.0266,22.91,1008.61,63.02,0,none
2026-08-02 23:00:00,AWS_GURUGRAM_01,Plains,28.4595,77.0266,22.71,1008.91,61.26,0,none
2026-08-02 23:15:00,AWS_GURUGRAM_01,Plains,28.4595,77.0266,22.38,1008.45,61.61,0,none
2026-08-02 23:30:00,AWS_GURUGRAM_01,Plains,28.4595,77.0266,21.73,1008.36,64.61,0,none
2026-08-02 23:45:00,AWS_GURUGRAM_01,Plains,28.4595,77.0266,21.48,1008.46,65.92,0,none
2026-08-03 00:00:00,AWS_GURUGRAM_01,Plains,28.4595,77.0266,20.91,1008.86,67.74,0,none
2026-08-03 00:15:00,AWS_GURUGRAM_01,Plains,28.4595,77.0266,20.97,1008.46,69.14,0,none
2026-08-03 00:30:00,AWS_GURUGRAM_01,Plains,28.4595,77.0266,21.19,1008.67,68.22,0,none
2026-08-03 00:45:00,AWS_GURUGRAM_01,Plains,28.4595,77.0266,20.68,1008.55,67.85,0,none
2026-08-03 01:00:00,AWS_GURUGRAM_01,Plains,28.4595,77.0266,20.98,1008.47,67.45,0,none
2026-08-03 01:15:00,AWS_GURUGRAM_01,Plains,28.4595,77.0266,20.38,1008.65,65.64,0,none
2026-08-03 01:30:00,AWS_GURUGRAM_01,Plains,28.4595,77.0266,19.8,1008.22,67.46,0,none
2026-08-03 01:45:00,AWS_GURUGRAM_01,Plains,28.4595,77.0266,20.56,1008.16,69.28,0,none
2026-08-03 02:00:00,AWS_GURUGRAM_01,Plains,28.4595,77.0266,20.03,1008.44,68.84,0,none
2026-08-03 02:15:00,AWS_GURUGRAM_01,Plains,28.4595,77.0266,20.22,1007.81,66.18,0,none
2026-08-03 02:30:00,AWS_GURUGRAM_01,Plains,28.4595,77.0266,20.87,1007.74,68.37,0,none
2026-08-03 02:45:00,AWS_GURUGRAM_01,Plains,28.4595,77.0266,19.99,1007.53,68.11,0,none
2026-08-03 03:00:00,AWS_GURUGRAM_01,Plains,28.4595,77.0266,20.65,1008.05,67.68,0,none
2026-08-03 03:15:00,AWS_GURUGRAM_01,Plains,28.4595,77.0266,20.72,1007.66,66.94,0,none
2026-08-03 03:30:00,AWS_GURUGRAM_01,Plains,28.4595,77.0266,21.2,1007.2,67.44,0,none
2026-08-03 03:45:00,AWS_GURUGRAM_01,Plains,28.4595,77.0266,21.49,1007.75,67.07,0,none
2026-08-03 04:00:00,AWS_GURUGRAM_01,Plains,28.4595,77.0266,21.5,1007.23,65.01,0,none
2026-08-03 04:15:00,AWS_GURUGRAM_01,Plains,28.4595,77.0266,21.54,1007.05,65.82,0,none
2026-08-03 04:30:00,AWS_GURUGRAM_01,Plains,28.4595,77.0266,22.18,1007.18,64.48,0,none
2026-08-03 04:45:00,AWS_GURUGRAM_01,Plains,28.4595,77.0266,22.87,1007.61,62.31,0,none
2026-08-03 05:00:00,AWS_GURUGRAM_01,Plains,28.4595,77.0266,22.69,1006.99,62.76,0,none
2026-08-03 05:15:00,AWS_GURUGRAM_01,Plains,28.4595,77.0266,22.99,1007.23,60.86,0,none
2026-08-03 05:30:00,AWS_GURUGRAM_01,Plains,28.4595,77.0266,23.66,1007.25,63.16,0,none
2026-08-03 05:45:00,AWS_GURUGRAM_01,Plains,28.4595,77.0266,23.96,1007.14,61.63,0,none
2026-08-03 06:00:00,AWS_GURUGRAM_01,Plains,28.4595,77.0266,23.86,1007.38,59.95,0,none
2026-08-03 06:15:00,AWS_GURUGRAM_01,Plains,28.4595,77.0266,24.97,1006.79,61.23,0,none
2026-08-03 06:30:00,AWS_GURUGRAM_01,Plains,28.4595,77.0266,24.82,1006.71,58.73,0,none
2026-08-03 06:45:00,AWS_GURUGRAM_01,Plains,28.4595,77.0266,26.01,1006.74,56.03,0,none
2026-08-03 07:00:00,AWS_GURUGRAM_01,Plains,28.4595,77.0266,26.06,1007.06,56.29,0,none
2026-08-03 07:15:00,AWS_GURUGRAM_01,Plains,28.4595,77.0266,26.92,1006.88,57.84,0,none
2026-08-03 07:30:00,AWS_GURUGRAM_01,Plains,28.4595,77.0266,27.59,1007.28,54.12,0,none
2026-08-03 07:45:00,AWS_GURUGRAM_01,Plains,28.4595,77.0266,28.95,1007.34,54.3,0,none
2026-08-03 08:00:00,AWS_GURUGRAM_01,Plains,28.4595,77.0266,28.8,1007.71,53.89,0,none
2026-08-03 08:15:00,AWS_GURUGRAM_01,Plains,28.4595,77.0266,29.58,1007.58,52.74,0,none
2026-08-03 08:30:00,AWS_GURUGRAM_01,Plains,28.4595,77.0266,30.32,1007.47,54.01,0,none
2026-08-03 08:45:00,AWS_GURUGRAM_01,Plains,28.4595,77.0266,30.3,1007.82,48.71,0,none
2026-08-03 09:00:00,AWS_GURUGRAM_01,Plains,28.4595,77.0266,30.74,1007.49,47.89,0,none
2026-08-03 09:15:00,AWS_GURUGRAM_01,Plains,28.4595,77.0266,30.71,1007.89,46.86,0,none
2026-08-03 09:30:00,AWS_GURUGRAM_01,Plains,28.4595,77.0266,31.59,1008.1,47.0,0,none
2026-08-03 09:45:00,AWS_GURUGRAM_01,Plains,28.4595,77.0266,31.84,1008.14,47.79,0,none
2026-08-03 10:00:00,AWS_GURUGRAM_01,Plains,28.4595,77.0266,32.44,1008.32,44.38,0,none
2026-08-03 10:15:00,AWS_GURUGRAM_01,Plains,28.4595,77.0266,33.8,1008.09,46.14,0,none
2026-08-03 10:30:00,AWS_GURUGRAM_01,Plains,28.4595,77.0266,33.54,1008.71,44.06,0,none
2026-08-03 10:45:00,AWS_GURUGRAM_01,Plains,28.4595,77.0266,33.56,1008.98,41.94,0,none
2026-08-03 11:00:00,AWS_GURUGRAM_01,Plains,28.4595,77.0266,34.85,1008.01,40.46,0,none
2026-08-03 11:15:00,AWS_GURUGRAM_01,Plains,28.4595,77.0266,35.05,1008.17,40.07,0,none
2026-08-03 11:30:00,AWS_GURUGRAM_01,Plains,28.4595,77.0266,35.41,1008.59,40.49,0,none
2026-08-03 11:45:00,AWS_GURUGRAM_01,Plains,28.4595,77.0266,34.52,1008.52,40.52,0,none
2026-08-03 12:00:00,AWS_GURUGRAM_01,Plains,28.4595,77.0266,36.38,1009.17,41.83,0,none
2026-08-03 12:15:00,AWS_GURUGRAM_01,Plains,28.4595,77.0266,35.63,1008.66,40.72,0,none
2026-08-03 12:30:00,AWS_GURUGRAM_01,Plains,28.4595,77.0266,36.39,1008.99,38.36,0,none
2026-08-03 12:45:00,AWS_GURUGRAM_01,Plains,28.4595,77.0266,37.27,1007.92,39.51,0,none
2026-08-03 13:00:00,AWS_GURUGRAM_01,Plains,28.4595,77.0266,37.28,1008.74,40.72,0,none
2026-08-03 13:15:00,AWS_GURUGRAM_01,Plains,28.4595,77.0266,36.15,1008.22,40.77,0,none
2026-08-03 13:30:00,AWS_GURUGRAM_01,Plains,28.4595,77.0266,36.05,1008.15,37.99,0,none
2026-08-03 13:45:00,AWS_GURUGRAM_01,Plains,28.4595,77.0266,37.25,1008.21,39.42,0,none
2026-08-03 14:00:00,AWS_GURUGRAM_01,Plains,28.4595,77.0266,36.76,1007.77,39.91,0,none
2026-08-03 14:15:00,AWS_GURUGRAM_01,Plains,28.4595,77.0266,36.48,1008.24,36.46,0,none
2026-08-03 14:30:00,AWS_GURUGRAM_01,Plains,28.4595,77.0266,36.88,1008.06,37.75,0,none
2026-08-03 14:45:00,AWS_GURUGRAM_01,Plains,28.4595,77.0266,36.48,1007.98,41.19,0,none
2026-08-03 15:00:00,AWS_GURUGRAM_01,Plains,28.4595,77.0266,36.7,1008.07,38.38,0,none
2026-08-03 15:15:00,AWS_GURUGRAM_01,Plains,28.4595,77.0266,36.29,1008.15,35.51,0,none
2026-08-03 15:30:00,AWS_GURUGRAM_01,Plains,28.4595,77.0266,36.36,1007.48,39.22,0,none
2026-08-03 15:45:00,AWS_GURUGRAM_01,Plains,28.4595,77.0266,35.5,1007.64,41.11,0,none
2026-08-03 16:00:00,AWS_GURUGRAM_01,Plains,28.4595,77.0266,36.17,1007.49,40.23,0,none
2026-08-03 16:15:00,AWS_GURUGRAM_01,Plains,28.4595,77.0266,35.6,1007.43,41.59,0,none
2026-08-03 16:30:00,AWS_GURUGRAM_01,Plains,28.4595,77.0266,35.26,1007.35,42.42,0,none
2026-08-03 16:45:00,AWS_GURUGRAM_01,Plains,28.4595,77.0266,34.22,1007.64,41.48,0,none
2026-08-03 17:00:00,AWS_GURUGRAM_01,Plains,28.4595,77.0266,34.98,1006.97,41.94,0,none
2026-08-03 17:15:00,AWS_GURUGRAM_01,Plains,28.4595,77.0266,33.9,1006.6,43.45,0,none
2026-08-03 17:30:00,AWS_GURUGRAM_01,Plains,28.4595,77.0266,33.78,1006.82,44.23,0,none
2026-08-03 17:45:00,AWS_GURUGRAM_01,Plains,28.4595,77.0266,32.93,1007.23,44.86,0,none
2026-08-03 18:00:00,AWS_GURUGRAM_01,Plains,28.4595,77.0266,32.7,1007.01,45.73,0,none
2026-08-03 18:15:00,AWS_GURUGRAM_01,Plains,28.4595,77.0266,32.25,1006.87,45.57,0,none
2026-08-03 18:30:00,AWS_GURUGRAM_01,Plains,28.4595,77.0266,30.51,1006.7,48.25,0,none
2026-08-03 18:45:00,AWS_GURUGRAM_01,Plains,28.4595,77.0266,31.37,1007.13,48.97,0,none
2026-08-03 19:00:00,AWS_GURUGRAM_01,Plains,28.4595,77.0266,31.41,1007.3,47.58,0,none
2026-08-03 19:15:00,AWS_GURUGRAM_01,Plains,28.4595,77.0266,30.32,1007.26,49.65,0,none
2026-08-03 19:30:00,AWS_GURUGRAM_01,Plains,28.4595,77.0266,29.19,1007.16,51.19,0,none
2026-08-03 19:45:00,AWS_GURUGRAM_01,Plains,28.4595,77.0266,29.3,1007.36,51.39,0,none
2026-08-03 20:00:00,AWS_GURUGRAM_01,Plains,28.4595,77.0266,28.92,1007.44,53.76,0,none
2026-08-03 20:15:00,AWS_GURUGRAM_01,Plains,28.4595,77.0266,28.17,1007.55,53.89,0,none
2026-08-03 20:30:00,AWS_GURUGRAM_01,Plains,28.4595,77.0266,27.4,1007.24,55.13,0,none
2026-08-03 20:45:00,AWS_GURUGRAM_01,Plains,28.4595,77.0266,26.8,1007.75,55.4,0,none
2026-08-03 21:00:00,AWS_GURUGRAM_01,Plains,28.4595,77.0266,26.28,1007.67,54.43,0,none
2026-08-03 21:15:00,AWS_GURUGRAM_01,Plains,28.4595,77.0266,26.14,1008.22,55.28,0,none
2026-08-03 21:30:00,AWS_GURUGRAM_01,Plains,28.4595,77.0266,24.8,1008.05,59.36,0,none
2026-08-03 21:45:00,AWS_GURUGRAM_01,Plains,28.4595,77.0266,24.72,1008.36,59.85,0,none
2026-08-03 22:00:00,AWS_GURUGRAM_01,Plains,28.4595,77.0266,25.04,1008.11,60.91,0,none
2026-08-03 22:15:00,AWS_GURUGRAM_01,Plains,28.4595,77.0266,24.6,1008.21,61.36,0,none
2026-08-03 22:30:00,AWS_GURUGRAM_01,Plains,28.4595,77.0266,22.92,1008.81,62.24,0,none
2026-08-03 22:45:00,AWS_GURUGRAM_01,Plains,28.4595,77.0266,22.64,1008.57,63.89,0,none
2026-08-03 23:00:00,AWS_GURUGRAM_01,Plains,28.4595,77.0266,22.59,1008.28,63.97,0,none
2026-08-03 23:15:00,AWS_GURUGRAM_01,Plains,28.4595,77.0266,22.69,1008.81,65.35,0,none
2026-08-03 23:30:00,AWS_GURUGRAM_01,Plains,28.4595,77.0266,21.26,1008.41,64.92,0,none
2026-08-03 23:45:00,AWS_GURUGRAM_01,Plains,28.4595,77.0266,21.66,1008.66,64.91,0,none
2026-08-01 00:00:00,AWS_NOIDA_01,Plains,28.5355,77.391,21.91,1008.7,69.78,0,none
2026-08-01 00:15:00,AWS_NOIDA_01,Plains,28.5355,77.391,21.39,1008.69,67.7,0,none
2026-08-01 00:30:00,AWS_NOIDA_01,Plains,28.5355,77.391,21.01,1008.56,71.19,0,none
2026-08-01 00:45:00,AWS_NOIDA_01,Plains,28.5355,77.391,20.32,1008.46,67.37,0,none
2026-08-01 01:00:00,AWS_NOIDA_01,Plains,28.5355,77.391,20.23,1008.53,70.26,0,none
2026-08-01 01:15:00,AWS_NOIDA_01,Plains,28.5355,77.391,20.95,1008.88,70.52,0,none
2026-08-01 01:30:00,AWS_NOIDA_01,Plains,28.5355,77.391,20.68,1008.5,69.14,0,none
2026-08-01 01:45:00,AWS_NOIDA_01,Plains,28.5355,77.391,20.3,1008.84,70.7,0,none
2026-08-01 02:00:00,AWS_NOIDA_01,Plains,28.5355,77.391,20.13,1008.61,71.76,0,none
2026-08-01 02:15:00,AWS_NOIDA_01,Plains,28.5355,77.391,19.51,1007.92,67.53,0,none
2026-08-01 02:30:00,AWS_NOIDA_01,Plains,28.5355,77.391,19.94,1008.6,70.7,0,none
2026-08-01 02:45:00,AWS_NOIDA_01,Plains,28.5355,77.391,21.22,1008.55,66.95,0,none
2026-08-01 03:00:00,AWS_NOIDA_01,Plains,28.5355,77.391,20.06,1007.9,68.58,0,none
2026-08-01 03:15:00,AWS_NOIDA_01,Plains,28.5355,77.391,20.8,1008.22,71.42,0,none
2026-08-01 03:30:00,AWS_NOIDA_01,Plains,28.5355,77.391,21.3,1007.74,68.44,0,none
2026-08-01 03:45:00,AWS_NOIDA_01,Plains,28.5355,77.391,20.61,1007.92,67.34,0,none
2026-08-01 04:00:00,AWS_NOIDA_01,Plains,28.5355,77.391,21.43,1007.42,68.08,0,none
2026-08-01 04:15:00,AWS_NOIDA_01,Plains,28.5355,77.391,22.01,1007.18,70.3,0,none
2026-08-01 04:30:00,AWS_NOIDA_01,Plains,28.5355,77.391,21.94,1007.52,65.08,0,none
2026-08-01 04:45:00,AWS_NOIDA_01,Plains,28.5355,77.391,23.41,1007.53,65.43,0,none
2026-08-01 05:00:00,AWS_NOIDA_01,Plains,28.5355,77.391,21.95,1007.39,67.85,0,none
2026-08-01 05:15:00,AWS_NOIDA_01,Plains,28.5355,77.391,23.41,1007.11,67.61,0,none
2026-08-01 05:30:00,AWS_NOIDA_01,Plains,28.5355,77.391,23.32,1007.31,64.53,0,none
2026-08-01 05:45:00,AWS_NOIDA_01,Plains,28.5355,77.391,24.12,1007.49,62.41,0,none
2026-08-01 06:00:00,AWS_NOIDA_01,Plains,28.5355,77.391,24.43,1007.39,65.63,0,none
2026-08-01 06:15:00,AWS_NOIDA_01,Plains,28.5355,77.391,24.41,1007.46,64.2,0,none
2026-08-01 06:30:00,AWS_NOIDA_01,Plains,28.5355,77.391,25.27,1007.23,62.26,0,none
2026-08-01 06:45:00,AWS_NOIDA_01,Plains,28.5355,77.391,24.92,1007.81,59.6,0,none
2026-08-01 07:00:00,AWS_NOIDA_01,Plains,28.5355,77.391,26.4,1007.15,59.62,0,none
2026-08-01 07:15:00,AWS_NOIDA_01,Plains,28.5355,77.391,26.78,1007.71,58.58,0,none
2026-08-01 07:30:00,AWS_NOIDA_01,Plains,28.5355,77.391,27.42,1007.99,58.25,0,none
2026-08-01 07:45:00,AWS_NOIDA_01,Plains,28.5355,77.391,28.11,1007.86,58.67,0,none
2026-08-01 08:00:00,AWS_NOIDA_01,Plains,28.5355,77.391,28.35,1007.74,57.06,0,none
2026-08-01 08:15:00,AWS_NOIDA_01,Plains,28.5355,77.391,28.78,1007.74,53.78,0,none
2026-08-01 08:30:00,AWS_NOIDA_01,Plains,28.5355,77.391,28.88,1008.3,55.8,0,none
2026-08-01 08:45:00,AWS_NOIDA_01,Plains,28.5355,77.391,29.46,1007.67,53.6,0,none
2026-08-01 09:00:00,AWS_NOIDA_01,Plains,28.5355,77.391,30.72,1007.91,53.14,0,none
2026-08-01 09:15:00,AWS_NOIDA_01,Plains,28.5355,77.391,31.31,1008.19,53.19,0,none
2026-08-01 09:30:00,AWS_NOIDA_01,Plains,28.5355,77.391,31.13,1008.78,49.22,0,none
2026-08-01 09:45:00,AWS_NOIDA_01,Plains,28.5355,77.391,31.71,1008.62,49.67,0,none
2026-08-01 10:00:00,AWS_NOIDA_01,Plains,28.5355,77.391,31.79,1008.31,48.25,0,none
2026-08-01 10:15:00,AWS_NOIDA_01,Plains,28.5355,77.391,33.06,1008.59,46.22,0,none
2026-08-01 10:30:00,AWS_NOIDA_01,Plains,28.5355,77.391,33.28,1008.58,47.76,0,none
2026-08-01 10:45:00,AWS_NOIDA_01,Plains,28.5355,77.391,34.19,1008.62,49.64,0,none
2026-08-01 11:00:00,AWS_NOIDA_01,Plains,28.5355,77.391,33.43,1009.19,43.74,0,none
2026-08-01 11:15:00,AWS_NOIDA_01,Plains,28.5355,77.391,33.99,1008.53,45.27,0,none
2026-08-01 11:30:00,AWS_NOIDA_01,Plains,28.5355,77.391,34.56,1009.46,45.49,0,none
2026-08-01 11:45:00,AWS_NOIDA_01,Plains,28.5355,77.391,35.03,1009.24,44.32,0,none
2026-08-01 12:00:00,AWS_NOIDA_01,Plains,28.5355,77.391,34.96,1009.33,43.55,0,none
2026-08-01 12:15:00,AWS_NOIDA_01,Plains,28.5355,77.391,34.94,1008.85,41.69,0,none
2026-08-01 12:30:00,AWS_NOIDA_01,Plains,28.5355,77.391,35.85,1008.93,43.14,0,none
2026-08-01 12:45:00,AWS_NOIDA_01,Plains,28.5355,77.391,35.97,1008.51,41.63,0,none
2026-08-01 13:00:00,AWS_NOIDA_01,Plains,28.5355,77.391,35.46,1008.74,39.64,0,none
2026-08-01 13:15:00,AWS_NOIDA_01,Plains,28.5355,77.391,36.49,1008.98,43.49,0,none
2026-08-01 13:30:00,AWS_NOIDA_01,Plains,28.5355,77.391,36.5,1009.15,43.05,0,none
2026-08-01 13:45:00,AWS_NOIDA_01,Plains,28.5355,77.391,36.14,1008.35,41.87,0,none
2026-08-01 14:00:00,AWS_NOIDA_01,Plains,28.5355,77.391,36.13,1008.49,42.05,0,none
2026-08-01 14:15:00,AWS_NOIDA_01,Plains,28.5355,77.391,36.3,1008.46,43.1,0,none
2026-08-01 14:30:00,AWS_NOIDA_01,Plains,28.5355,77.391,35.69,1007.99,42.17,0,none
2026-08-01 14:45:00,AWS_NOIDA_01,Plains,28.5355,77.391,35.96,1008.48,43.14,1,calibration_drift
2026-08-01 15:00:00,AWS_NOIDA_01,Plains,28.5355,77.391,35.49,1007.98,41.91,1,calibration_drift
2026-08-01 15:15:00,AWS_NOIDA_01,Plains,28.5355,77.391,37.07,1008.04,44.11,1,calibration_drift
2026-08-01 15:30:00,AWS_NOIDA_01,Plains,28.5355,77.391,36.44,1007.86,43.25,1,calibration_drift
2026-08-01 15:45:00,AWS_NOIDA_01,Plains,28.5355,77.391,37.97,1007.66,43.48,1,calibration_drift
2026-08-01 16:00:00,AWS_NOIDA_01,Plains,28.5355,77.391,37.52,1007.8,42.16,1,calibration_drift
2026-08-01 16:15:00,AWS_NOIDA_01,Plains,28.5355,77.391,37.81,1007.65,44.52,1,calibration_drift
2026-08-01 16:30:00,AWS_NOIDA_01,Plains,28.5355,77.391,37.87,1007.52,43.72,1,calibration_drift
2026-08-01 16:45:00,AWS_NOIDA_01,Plains,28.5355,77.391,38.2,1007.35,44.54,1,calibration_drift
2026-08-01 17:00:00,AWS_NOIDA_01,Plains,28.5355,77.391,39.05,1007.6,44.97,1,calibration_drift
2026-08-01 17:15:00,AWS_NOIDA_01,Plains,28.5355,77.391,37.63,1007.96,45.34,1,calibration_drift
2026-08-01 17:30:00,AWS_NOIDA_01,Plains,28.5355,77.391,39.26,1007.47,49.89,1,calibration_drift
2026-08-01 17:45:00,AWS_NOIDA_01,Plains,28.5355,77.391,38.99,1007.71,49.7,1,calibration_drift
2026-08-01 18:00:00,AWS_NOIDA_01,Plains,28.5355,77.391,38.45,1006.98,51.19,1,calibration_drift
2026-08-01 18:15:00,AWS_NOIDA_01,Plains,28.5355,77.391,38.57,1007.45,48.24,1,calibration_drift
2026-08-01 18:30:00,AWS_NOIDA_01,Plains,28.5355,77.391,39.72,1007.1,50.64,1,calibration_drift
2026-08-01 18:45:00,AWS_NOIDA_01,Plains,28.5355,77.391,38.71,1007.02,49.88,1,calibration_drift
2026-08-01 19:00:00,AWS_NOIDA_01,Plains,28.5355,77.391,38.65,1007.29,51.48,1,calibration_drift
2026-08-01 19:15:00,AWS_NOIDA_01,Plains,28.5355,77.391,39.59,1007.92,52.12,1,calibration_drift
2026-08-01 19:30:00,AWS_NOIDA_01,Plains,28.5355,77.391,39.28,1007.92,55.63,1,calibration_drift
2026-08-01 19:45:00,AWS_NOIDA_01,Plains,28.5355,77.391,38.78,1007.79,54.59,1,calibration_drift
2026-08-01 20:00:00,AWS_NOIDA_01,Plains,28.5355,77.391,39.24,1007.34,57.28,1,calibration_drift
2026-08-01 20:15:00,AWS_NOIDA_01,Plains,28.5355,77.391,38.75,1007.83,57.65,1,calibration_drift
2026-08-01 20:30:00,AWS_NOIDA_01,Plains,28.5355,77.391,39.61,1008.08,60.62,1,calibration_drift
2026-08-01 20:45:00,AWS_NOIDA_01,Plains,28.5355,77.391,27.08,1008.15,57.0,0,none
2026-08-01 21:00:00,AWS_NOIDA_01,Plains,28.5355,77.391,26.37,1007.65,61.19,0,none
2026-08-01 21:15:00,AWS_NOIDA_01,Plains,28.5355,77.391,25.81,1008.04,61.95,0,none
2026-08-01 21:30:00,AWS_NOIDA_01,Plains,28.5355,77.391,25.88,1008.39,60.27,0,none
2026-08-01 21:45:00,AWS_NOIDA_01,Plains,28.5355,77.391,24.71,1008.67,63.5,0,none
2026-08-01 22:00:00,AWS_NOIDA_01,Plains,28.5355,77.391,23.78,1007.94,63.51,0,none
2026-08-01 22:15:00,AWS_NOIDA_01,Plains,28.5355,77.391,23.99,1008.64,63.63,0,none
2026-08-01 22:30:00,AWS_NOIDA_01,Plains,28.5355,77.391,24.23,1008.81,63.67,0,none
2026-08-01 22:45:00,AWS_NOIDA_01,Plains,28.5355,77.391,22.59,1009.09,64.51,0,none
2026-08-01 23:00:00,AWS_NOIDA_01,Plains,28.5355,77.391,22.47,1009.1,68.51,0,none
2026-08-01 23:15:00,AWS_NOIDA_01,Plains,28.5355,77.391,22.43,1009.11,66.69,0,none
2026-08-01 23:30:00,AWS_NOIDA_01,Plains,28.5355,77.391,21.91,1008.73,68.22,0,none
2026-08-01 23:45:00,AWS_NOIDA_01,Plains,28.5355,77.391,21.24,1008.42,66.87,0,none
2026-08-02 00:00:00,AWS_NOIDA_01,Plains,28.5355,77.391,21.81,1008.88,67.38,0,none
2026-08-02 00:15:00,AWS_NOIDA_01,Plains,28.5355,77.391,22.04,1009.29,70.05,0,none
2026-08-02 00:30:00,AWS_NOIDA_01,Plains,28.5355,77.391,20.98,1009.39,67.52,0,none
2026-08-02 00:45:00,AWS_NOIDA_01,Plains,28.5355,77.391,20.36,1009.15,68.97,0,none
2026-08-02 01:00:00,AWS_NOIDA_01,Plains,28.5355,77.391,19.95,1009.02,69.78,0,none
2026-08-02 01:15:00,AWS_NOIDA_01,Plains,28.5355,77.391,20.55,1008.95,70.08,0,none
2026-08-02 01:30:00,AWS_NOIDA_01,Plains,28.5355,77.391,20.81,1008.6,69.88,0,none
2026-08-02 01:45:00,AWS_NOIDA_01,Plains,28.5355,77.391,20.51,1008.65,70.66,0,none
2026-08-02 02:00:00,AWS_NOIDA_01,Plains,28.5355,77.391,20.3,1009.1,71.05,0,none
2026-08-02 02:15:00,AWS_NOIDA_01,Plains,28.5355,77.391,20.08,1008.22,71.07,0,none
2026-08-02 02:30:00,AWS_NOIDA_01,Plains,28.5355,77.391,19.93,1008.89,68.92,0,none
2026-08-02 02:45:00,AWS_NOIDA_01,Plains,28.5355,77.391,20.79,1008.21,69.61,0,none
2026-08-02 03:00:00,AWS_NOIDA_01,Plains,28.5355,77.391,20.93,1008.6,71.17,0,none
2026-08-02 03:15:00,AWS_NOIDA_01,Plains,28.5355,77.391,20.1,1007.67,70.54,0,none
2026-08-02 03:30:00,AWS_NOIDA_01,Plains,28.5355,77.391,21.54,1008.17,67.49,0,none
2026-08-02 03:45:00,AWS_NOIDA_01,Plains,28.5355,77.391,21.34,1007.67,69.18,0,none
2026-08-02 04:00:00,AWS_NOIDA_01,Plains,28.5355,77.391,21.92,1007.38,65.94,0,none
2026-08-02 04:15:00,AWS_NOIDA_01,Plains,28.5355,77.391,21.09,1007.78,67.88,0,none
2026-08-02 04:30:00,AWS_NOIDA_01,Plains,28.5355,77.391,21.39,1007.94,69.56,0,none
2026-08-02 04:45:00,AWS_NOIDA_01,Plains,28.5355,77.391,22.2,1007.31,65.55,0,none
2026-08-02 05:00:00,AWS_NOIDA_01,Plains,28.5355,77.391,22.81,1007.06,65.05,0,none
2026-08-02 05:15:00,AWS_NOIDA_01,Plains,28.5355,77.391,27.39,1005.97,66.29,1,noise_burst
2026-08-02 05:30:00,AWS_NOIDA_01,Plains,28.5355,77.391,22.27,990.78,62.81,1,noise_burst
2026-08-02 05:45:00,AWS_NOIDA_01,Plains,28.5355,77.391,13.08,987.94,63.14,1,noise_burst
2026-08-02 06:00:00,AWS_NOIDA_01,Plains,28.5355,77.391,23.35,1036.7,63.83,1,noise_burst
2026-08-02 06:15:00,AWS_NOIDA_01,Plains,28.5355,77.391,24.41,1004.99,61.53,1,noise_burst
2026-08-02 06:30:00,AWS_NOIDA_01,Plains,28.5355,77.391,32.6,1022.03,61.16,1,noise_burst
2026-08-02 06:45:00,AWS_NOIDA_01,Plains,28.5355,77.391,18.53,981.91,61.46,1,noise_burst
2026-08-02 07:00:00,AWS_NOIDA_01,Plains,28.5355,77.391,33.9,1046.97,60.19,1,noise_burst
2026-08-02 07:15:00,AWS_NOIDA_01,Plains,28.5355,77.391,27.3,1007.08,59.09,0,none
2026-08-02 07:30:00,AWS_NOIDA_01,Plains,28.5355,77.391,27.44,1007.56,57.45,0,none
2026-08-02 07:45:00,AWS_NOIDA_01,Plains,28.5355,77.391,27.63,1007.61,57.37,0,none
2026-08-02 08:00:00,AWS_NOIDA_01,Plains,28.5355,77.391,27.99,1008.09,55.85,0,none
2026-08-02 08:15:00,AWS_NOIDA_01,Plains,28.5355,77.391,28.58,1008.03,55.62,0,none
2026-08-02 08:30:00,AWS_NOIDA_01,Plains,28.5355,77.391,29.4,1007.64,53.55,0,none
2026-08-02 08:45:00,AWS_NOIDA_01,Plains,28.5355,77.391,29.77,1008.15,53.01,0,none
2026-08-02 09:00:00,AWS_NOIDA_01,Plains,28.5355,77.391,30.01,1008.4,51.13,0,none
2026-08-02 09:15:00,AWS_NOIDA_01,Plains,28.5355,77.391,30.67,1008.76,51.39,0,none
2026-08-02 09:30:00,AWS_NOIDA_01,Plains,28.5355,77.391,31.25,1008.67,49.59,0,none
2026-08-02 09:45:00,AWS_NOIDA_01,Plains,28.5355,77.391,30.84,1008.73,48.37,0,none
2026-08-02 10:00:00,AWS_NOIDA_01,Plains,28.5355,77.391,32.33,1008.62,49.2,0,none
2026-08-02 10:15:00,AWS_NOIDA_01,Plains,28.5355,77.391,32.2,1008.8,48.36,0,none
2026-08-02 10:30:00,AWS_NOIDA_01,Plains,28.5355,77.391,32.55,1009.14,48.28,0,none
2026-08-02 10:45:00,AWS_NOIDA_01,Plains,28.5355,77.391,32.73,1008.43,46.11,0,none
2026-08-02 11:00:00,AWS_NOIDA_01,Plains,28.5355,77.391,33.07,1008.79,46.43,0,none
2026-08-02 11:15:00,AWS_NOIDA_01,Plains,28.5355,77.391,33.6,1008.71,45.97,0,none
2026-08-02 11:30:00,AWS_NOIDA_01,Plains,28.5355,77.391,34.18,1009.09,45.25,0,none
2026-08-02 11:45:00,AWS_NOIDA_01,Plains,28.5355,77.391,35.55,1009.36,43.19,0,none
2026-08-02 12:00:00,AWS_NOIDA_01,Plains,28.5355,77.391,34.83,1008.82,43.86,0,none
2026-08-02 12:15:00,AWS_NOIDA_01,Plains,28.5355,77.391,35.36,1008.28,43.68,0,none
2026-08-02 12:30:00,AWS_NOIDA_01,Plains,28.5355,77.391,35.66,1008.85,42.87,0,none
2026-08-02 12:45:00,AWS_NOIDA_01,Plains,28.5355,77.391,35.73,1009.21,40.03,0,none
2026-08-02 13:00:00,AWS_NOIDA_01,Plains,28.5355,77.391,35.8,1009.05,42.46,0,none
2026-08-02 13:15:00,AWS_NOIDA_01,Plains,28.5355,77.391,35.47,1008.96,44.71,0,none
2026-08-02 13:30:00,AWS_NOIDA_01,Plains,28.5355,77.391,36.61,1008.68,41.47,0,none
2026-08-02 13:45:00,AWS_NOIDA_01,Plains,28.5355,77.391,36.81,1008.3,40.94,0,none
2026-08-02 14:00:00,AWS_NOIDA_01,Plains,28.5355,77.391,35.43,1008.75,42.23,0,none
2026-08-02 14:15:00,AWS_NOIDA_01,Plains,28.5355,77.391,35.67,1008.26,42.19,0,none
2026-08-02 14:30:00,AWS_NOIDA_01,Plains,28.5355,77.391,35.92,1009.06,43.33,0,none
2026-08-02 14:45:00,AWS_NOIDA_01,Plains,28.5355,77.391,35.56,1008.48,40.54,0,none
2026-08-02 15:00:00,AWS_NOIDA_01,Plains,28.5355,77.391,36.03,1008.03,43.14,0,none
2026-08-02 15:15:00,AWS_NOIDA_01,Plains,28.5355,77.391,35.39,1007.91,43.24,1,frozen_value
2026-08-02 15:30:00,AWS_NOIDA_01,Plains,28.5355,77.391,35.39,1007.97,42.69,1,frozen_value
2026-08-02 15:45:00,AWS_NOIDA_01,Plains,28.5355,77.391,35.39,1007.82,43.65,1,frozen_value
2026-08-02 16:00:00,AWS_NOIDA_01,Plains,28.5355,77.391,35.39,1008.14,44.92,1,frozen_value
2026-08-02 16:15:00,AWS_NOIDA_01,Plains,28.5355,77.391,35.39,1007.77,45.22,1,frozen_value
2026-08-02 16:30:00,AWS_NOIDA_01,Plains,28.5355,77.391,35.39,1007.41,43.35,1,frozen_value
2026-08-02 16:45:00,AWS_NOIDA_01,Plains,28.5355,77.391,35.39,1008.13,46.29,1,frozen_value
2026-08-02 17:00:00,AWS_NOIDA_01,Plains,28.5355,77.391,35.39,1007.52,45.87,1,frozen_value
2026-08-02 17:15:00,AWS_NOIDA_01,Plains,28.5355,77.391,35.39,1007.69,46.71,1,frozen_value
2026-08-02 17:30:00,AWS_NOIDA_01,Plains,28.5355,77.391,35.39,1007.24,47.43,1,frozen_value
2026-08-02 17:45:00,AWS_NOIDA_01,Plains,28.5355,77.391,35.39,1007.52,47.92,1,frozen_value
2026-08-02 18:00:00,AWS_NOIDA_01,Plains,28.5355,77.391,35.39,1007.49,50.32,1,frozen_value
2026-08-02 18:15:00,AWS_NOIDA_01,Plains,28.5355,77.391,31.37,1006.84,49.61,0,none
2026-08-02 18:30:00,AWS_NOIDA_01,Plains,28.5355,77.391,31.19,1008.03,49.21,0,none
2026-08-02 18:45:00,AWS_NOIDA_01,Plains,28.5355,77.391,30.71,1007.85,50.96,0,none
2026-08-02 19:00:00,AWS_NOIDA_01,Plains,28.5355,77.391,31.03,1007.39,52.53,0,none
2026-08-02 19:15:00,AWS_NOIDA_01,Plains,28.5355,77.391,29.19,1007.23,54.7,0,none
2026-08-02 19:30:00,AWS_NOIDA_01,Plains,28.5355,77.391,29.43,1007.74,54.87,0,none
2026-08-02 19:45:00,AWS_NOIDA_01,Plains,28.5355,77.391,29.31,1007.74,54.05,0,none
2026-08-02 20:00:00,AWS_NOIDA_01,Plains,28.5355,77.391,29.11,1007.91,58.98,0,none
2026-08-02 20:15:00,AWS_NOIDA_01,Plains,28.5355,77.391,27.52,1007.95,57.25,0,none
2026-08-02 20:30:00,AWS_NOIDA_01,Plains,28.5355,77.391,27.37,1008.14,59.39,0,none
2026-08-02 20:45:00,AWS_NOIDA_01,Plains,28.5355,77.391,26.89,1008.53,58.59,0,none
2026-08-02 21:00:00,AWS_NOIDA_01,Plains,28.5355,77.391,26.23,1008.37,60.32,0,none
2026-08-02 21:15:00,AWS_NOIDA_01,Plains,28.5355,77.391,25.62,1007.99,61.58,0,none
2026-08-02 21:30:00,AWS_NOIDA_01,Plains,28.5355,77.391,25.35,1008.82,62.9,0,none
2026-08-02 21:45:00,AWS_NOIDA_01,Plains,28.5355,77.391,23.69,1009.0,63.56,0,none
2026-08-02 22:00:00,AWS_NOIDA_01,Plains,28.5355,77.391,24.52,1009.55,64.16,0,none
2026-08-02 22:15:00,AWS_NOIDA_01,Plains,28.5355,77.391,23.86,1008.35,63.52,0,none
2026-08-02 22:30:00,AWS_NOIDA_01,Plains,28.5355,77.391,23.3,1008.84,63.97,0,none
2026-08-02 22:45:00,AWS_NOIDA_01,Plains,28.5355,77.391,23.81,1008.21,65.78,0,none
2026-08-02 23:00:00,AWS_NOIDA_01,Plains,28.5355,77.391,22.34,1009.06,67.17,0,none
2026-08-02 23:15:00,AWS_NOIDA_01,Plains,28.5355,77.391,22.1,1008.77,66.42,0,none
2026-08-02 23:30:00,AWS_NOIDA_01,Plains,28.5355,77.391,22.73,1009.55,68.56,0,none
2026-08-02 23:45:00,AWS_NOIDA_01,Plains,28.5355,77.391,21.3,1008.76,69.57,0,none
2026-08-03 00:00:00,AWS_NOIDA_01,Plains,28.5355,77.391,21.14,1008.49,67.22,0,none
2026-08-03 00:15:00,AWS_NOIDA_01,Plains,28.5355,77.391,21.06,1008.85,67.75,0,none
2026-08-03 00:30:00,AWS_NOIDA_01,Plains,28.5355,77.391,21.24,1008.38,68.97,0,none
2026-08-03 00:45:00,AWS_NOIDA_01,Plains,28.5355,77.391,20.8,1009.16,69.83,0,none
2026-08-03 01:00:00,AWS_NOIDA_01,Plains,28.5355,77.391,20.05,1008.27,69.11,0,none
2026-08-03 01:15:00,AWS_NOIDA_01,Plains,28.5355,77.391,20.24,1008.84,71.57,0,none
2026-08-03 01:30:00,AWS_NOIDA_01,Plains,28.5355,77.391,45.12,1008.14,70.61,1,spike
2026-08-03 01:45:00,AWS_NOIDA_01,Plains,28.5355,77.391,20.29,1008.59,70.24,0,none
2026-08-03 02:00:00,AWS_NOIDA_01,Plains,28.5355,77.391,20.47,1009.09,68.5,0,none
2026-08-03 02:15:00,AWS_NOIDA_01,Plains,28.5355,77.391,20.48,1008.61,68.61,0,none
2026-08-03 02:30:00,AWS_NOIDA_01,Plains,28.5355,77.391,19.66,1008.15,70.44,0,none
2026-08-03 02:45:00,AWS_NOIDA_01,Plains,28.5355,77.391,20.88,1008.3,67.39,0,none
2026-08-03 03:00:00,AWS_NOIDA_01,Plains,28.5355,77.391,20.67,1008.21,70.95,0,none
2026-08-03 03:15:00,AWS_NOIDA_01,Plains,28.5355,77.391,21.27,1008.24,69.28,0,none
2026-08-03 03:30:00,AWS_NOIDA_01,Plains,28.5355,77.391,21.08,1007.58,73.03,0,none
2026-08-03 03:45:00,AWS_NOIDA_01,Plains,28.5355,77.391,21.56,1008.07,71.52,0,none
2026-08-03 04:00:00,AWS_NOIDA_01,Plains,28.5355,77.391,21.55,1006.99,68.1,0,none
2026-08-03 04:15:00,AWS_NOIDA_01,Plains,28.5355,77.391,22.17,1007.52,67.7,0,none
2026-08-03 04:30:00,AWS_NOIDA_01,Plains,28.5355,77.391,22.14,1007.49,68.48,0,none
2026-08-03 04:45:00,AWS_NOIDA_01,Plains,28.5355,77.391,22.22,1007.76,68.73,0,none
2026-08-03 05:00:00,AWS_NOIDA_01,Plains,28.5355,77.391,23.52,1007.51,64.09,0,none
2026-08-03 05:15:00,AWS_NOIDA_01,Plains,28.5355,77.391,23.35,1007.04,63.23,0,none
2026-08-03 05:30:00,AWS_NOIDA_01,Plains,28.5355,77.391,23.62,1007.13,63.91,0,none
2026-08-03 05:45:00,AWS_NOIDA_01,Plains,28.5355,77.391,23.3,1007.47,64.6,0,none
2026-08-03 06:00:00,AWS_NOIDA_01,Plains,28.5355,77.391,23.73,1007.38,63.71,0,none
2026-08-03 06:15:00,AWS_NOIDA_01,Plains,28.5355,77.391,24.82,1007.23,63.57,0,none
2026-08-03 06:30:00,AWS_NOIDA_01,Plains,28.5355,77.391,25.24,1007.28,60.0,0,none
2026-08-03 06:45:00,AWS_NOIDA_01,Plains,28.5355,77.391,25.41,1007.67,57.79,0,none
2026-08-03 07:00:00,AWS_NOIDA_01,Plains,28.5355,77.391,26.21,1007.35,60.71,0,none
2026-08-03 07:15:00,AWS_NOIDA_01,Plains,28.5355,77.391,27.29,1007.54,57.78,0,none
2026-08-03 07:30:00,AWS_NOIDA_01,Plains,28.5355,77.391,27.45,1008.29,55.43,0,none
2026-08-03 07:45:00,AWS_NOIDA_01,Plains,28.5355,77.391,27.23,1007.29,57.1,0,none
2026-08-03 08:00:00,AWS_NOIDA_01,Plains,28.5355,77.391,28.16,1007.24,56.95,0,none
2026-08-03 08:15:00,AWS_NOIDA_01,Plains,28.5355,77.391,28.39,1008.13,54.92,0,none
2026-08-03 08:30:00,AWS_NOIDA_01,Plains,28.5355,77.391,29.08,1007.79,53.59,0,none
2026-08-03 08:45:00,AWS_NOIDA_01,Plains,28.5355,77.391,29.58,1008.0,53.03,0,none
2026-08-03 09:00:00,AWS_NOIDA_01,Plains,28.5355,77.391,30.05,1007.97,51.87,0,none
2026-08-03 09:15:00,AWS_NOIDA_01,Plains,28.5355,77.391,30.24,1008.23,49.81,0,none
2026-08-03 09:30:00,AWS_NOIDA_01,Plains,28.5355,77.391,31.17,1008.89,49.7,0,none
2026-08-03 09:45:00,AWS_NOIDA_01,Plains,28.5355,77.391,31.47,1008.75,50.34,0,none
2026-08-03 10:00:00,AWS_NOIDA_01,Plains,28.5355,77.391,30.98,1008.86,49.28,0,none
2026-08-03 10:15:00,AWS_NOIDA_01,Plains,28.5355,77.391,33.41,1008.26,48.3,0,none
2026-08-03 10:30:00,AWS_NOIDA_01,Plains,28.5355,77.391,33.44,1008.42,46.15,0,none
2026-08-03 10:45:00,AWS_NOIDA_01,Plains,28.5355,77.391,33.26,1007.98,46.41,0,none
2026-08-03 11:00:00,AWS_NOIDA_01,Plains,28.5355,77.391,33.79,1008.65,43.33,0,none
2026-08-03 11:15:00,AWS_NOIDA_01,Plains,28.5355,77.391,33.67,1009.23,45.52,0,none
2026-08-03 11:30:00,AWS_NOIDA_01,Plains,28.5355,77.391,35.15,1009.13,46.43,0,none
2026-08-03 11:45:00,AWS_NOIDA_01,Plains,28.5355,77.391,35.53,1008.93,42.41,0,none
2026-08-03 12:00:00,AWS_NOIDA_01,Plains,28.5355,77.391,35.1,1008.99,42.98,0,none
2026-08-03 12:15:00,AWS_NOIDA_01,Plains,28.5355,77.391,35.69,1008.79,43.64,0,none
2026-08-03 12:30:00,AWS_NOIDA_01,Plains,28.5355,77.391,35.57,1009.03,44.37,0,none
2026-08-03 12:45:00,AWS_NOIDA_01,Plains,28.5355,77.391,35.15,1009.17,42.0,0,none
2026-08-03 13:00:00,AWS_NOIDA_01,Plains,28.5355,77.391,35.67,1008.41,41.43,0,none
2026-08-03 13:15:00,AWS_NOIDA_01,Plains,28.5355,77.391,36.0,1008.92,39.69,0,none
2026-08-03 13:30:00,AWS_NOIDA_01,Plains,28.5355,77.391,35.85,1009.05,42.03,0,none
2026-08-03 13:45:00,AWS_NOIDA_01,Plains,28.5355,77.391,36.0,1008.56,44.26,0,none
2026-08-03 14:00:00,AWS_NOIDA_01,Plains,28.5355,77.391,,,,1,comm_loss
2026-08-03 14:15:00,AWS_NOIDA_01,Plains,28.5355,77.391,,,,1,comm_loss
2026-08-03 14:30:00,AWS_NOIDA_01,Plains,28.5355,77.391,,,,1,comm_loss
2026-08-03 14:45:00,AWS_NOIDA_01,Plains,28.5355,77.391,,,,1,comm_loss
2026-08-03 15:00:00,AWS_NOIDA_01,Plains,28.5355,77.391,35.54,1007.98,41.29,0,none
2026-08-03 15:15:00,AWS_NOIDA_01,Plains,28.5355,77.391,35.17,1008.15,43.52,0,none
2026-08-03 15:30:00,AWS_NOIDA_01,Plains,28.5355,77.391,35.89,1008.13,43.13,0,none
2026-08-03 15:45:00,AWS_NOIDA_01,Plains,28.5355,77.391,34.44,1007.95,43.27,0,none
2026-08-03 16:00:00,AWS_NOIDA_01,Plains,28.5355,77.391,35.5,1007.49,42.51,0,none
2026-08-03 16:15:00,AWS_NOIDA_01,Plains,28.5355,77.391,35.32,1007.77,45.74,0,none
2026-08-03 16:30:00,AWS_NOIDA_01,Plains,28.5355,77.391,34.35,1008.07,45.52,0,none
2026-08-03 16:45:00,AWS_NOIDA_01,Plains,28.5355,77.391,33.1,1007.7,44.65,0,none
2026-08-03 17:00:00,AWS_NOIDA_01,Plains,28.5355,77.391,33.64,1007.8,47.15,0,none
2026-08-03 17:15:00,AWS_NOIDA_01,Plains,28.5355,77.391,33.38,1007.39,46.03,0,none
2026-08-03 17:30:00,AWS_NOIDA_01,Plains,28.5355,77.391,32.6,1007.65,46.41,0,none
2026-08-03 17:45:00,AWS_NOIDA_01,Plains,28.5355,77.391,32.38,1007.49,47.19,0,none
2026-08-03 18:00:00,AWS_NOIDA_01,Plains,28.5355,77.391,32.76,1007.11,46.76,0,none
2026-08-03 18:15:00,AWS_NOIDA_01,Plains,28.5355,77.391,31.96,1007.5,50.28,0,none
2026-08-03 18:30:00,AWS_NOIDA_01,Plains,28.5355,77.391,30.85,1007.13,48.36,0,none
2026-08-03 18:45:00,AWS_NOIDA_01,Plains,28.5355,77.391,30.1,1007.27,49.95,0,none
2026-08-03 19:00:00,AWS_NOIDA_01,Plains,28.5355,77.391,30.11,1007.56,49.83,0,none
2026-08-03 19:15:00,AWS_NOIDA_01,Plains,28.5355,77.391,29.66,1007.65,53.12,0,none
2026-08-03 19:30:00,AWS_NOIDA_01,Plains,28.5355,77.391,29.43,1007.28,53.96,0,none
2026-08-03 19:45:00,AWS_NOIDA_01,Plains,28.5355,77.391,28.5,1008.03,54.68,0,none
2026-08-03 20:00:00,AWS_NOIDA_01,Plains,28.5355,77.391,28.4,1007.97,54.75,0,none
2026-08-03 20:15:00,AWS_NOIDA_01,Plains,28.5355,77.391,28.46,1007.68,55.52,0,none
2026-08-03 20:30:00,AWS_NOIDA_01,Plains,28.5355,77.391,27.5,1007.53,58.41,0,none
2026-08-03 20:45:00,AWS_NOIDA_01,Plains,28.5355,77.391,26.64,1008.05,58.11,0,none
2026-08-03 21:00:00,AWS_NOIDA_01,Plains,28.5355,77.391,26.08,1008.07,60.06,0,none
2026-08-03 21:15:00,AWS_NOIDA_01,Plains,28.5355,77.391,25.52,1008.34,59.51,0,none
2026-08-03 21:30:00,AWS_NOIDA_01,Plains,28.5355,77.391,25.65,1008.3,61.66,0,none
2026-08-03 21:45:00,AWS_NOIDA_01,Plains,28.5355,77.391,24.45,1007.9,63.85,0,none
2026-08-03 22:00:00,AWS_NOIDA_01,Plains,28.5355,77.391,24.27,1008.48,63.81,0,none
2026-08-03 22:15:00,AWS_NOIDA_01,Plains,28.5355,77.391,23.83,1008.6,63.41,0,none
2026-08-03 22:30:00,AWS_NOIDA_01,Plains,28.5355,77.391,23.19,1008.96,64.97,0,none
2026-08-03 22:45:00,AWS_NOIDA_01,Plains,28.5355,77.391,22.44,1008.63,65.09,0,none
2026-08-03 23:00:00,AWS_NOIDA_01,Plains,28.5355,77.391,22.74,1009.4,66.06,0,none
2026-08-03 23:15:00,AWS_NOIDA_01,Plains,28.5355,77.391,22.24,1008.37,66.3,0,none
2026-08-03 23:30:00,AWS_NOIDA_01,Plains,28.5355,77.391,22.13,1009.37,67.08,0,none
2026-08-03 23:45:00,AWS_NOIDA_01,Plains,28.5355,77.391,21.42,1008.93,68.08,0,none
2026-08-01 00:00:00,AWS_SHIMLA_01,Hilly,31.1048,77.1734,11.42,880.54,72.78,0,none
2026-08-01 00:15:00,AWS_SHIMLA_01,Hilly,31.1048,77.1734,11.81,880.94,73.26,0,none
2026-08-01 00:30:00,AWS_SHIMLA_01,Hilly,31.1048,77.1734,11.3,880.96,72.98,0,none
2026-08-01 00:45:00,AWS_SHIMLA_01,Hilly,31.1048,77.1734,11.08,880.6,75.07,0,none
2026-08-01 01:00:00,AWS_SHIMLA_01,Hilly,31.1048,77.1734,11.19,880.46,74.2,0,none
2026-08-01 01:15:00,AWS_SHIMLA_01,Hilly,31.1048,77.1734,10.4,881.12,75.4,0,none
2026-08-01 01:30:00,AWS_SHIMLA_01,Hilly,31.1048,77.1734,11.24,880.63,73.66,0,none
2026-08-01 01:45:00,AWS_SHIMLA_01,Hilly,31.1048,77.1734,11.16,880.68,75.11,0,none
2026-08-01 02:00:00,AWS_SHIMLA_01,Hilly,31.1048,77.1734,10.84,880.15,75.96,0,none
2026-08-01 02:15:00,AWS_SHIMLA_01,Hilly,31.1048,77.1734,,,,1,comm_loss
2026-08-01 02:30:00,AWS_SHIMLA_01,Hilly,31.1048,77.1734,,,,1,comm_loss
2026-08-01 02:45:00,AWS_SHIMLA_01,Hilly,31.1048,77.1734,,,,1,comm_loss
2026-08-01 03:00:00,AWS_SHIMLA_01,Hilly,31.1048,77.1734,,,,1,comm_loss
2026-08-01 03:15:00,AWS_SHIMLA_01,Hilly,31.1048,77.1734,11.13,879.89,74.11,0,none
2026-08-01 03:30:00,AWS_SHIMLA_01,Hilly,31.1048,77.1734,11.37,879.29,74.14,0,none
2026-08-01 03:45:00,AWS_SHIMLA_01,Hilly,31.1048,77.1734,11.47,879.36,72.07,0,none
2026-08-01 04:00:00,AWS_SHIMLA_01,Hilly,31.1048,77.1734,12.16,879.8,72.88,0,none
2026-08-01 04:15:00,AWS_SHIMLA_01,Hilly,31.1048,77.1734,11.41,879.69,70.06,0,none
2026-08-01 04:30:00,AWS_SHIMLA_01,Hilly,31.1048,77.1734,11.73,879.32,73.87,0,none
2026-08-01 04:45:00,AWS_SHIMLA_01,Hilly,31.1048,77.1734,12.66,879.06,71.15,0,none
2026-08-01 05:00:00,AWS_SHIMLA_01,Hilly,31.1048,77.1734,12.23,879.0,71.43,0,none
2026-08-01 05:15:00,AWS_SHIMLA_01,Hilly,31.1048,77.1734,13.06,879.15,70.56,0,none
2026-08-01 05:30:00,AWS_SHIMLA_01,Hilly,31.1048,77.1734,13.64,879.42,71.85,0,none
2026-08-01 05:45:00,AWS_SHIMLA_01,Hilly,31.1048,77.1734,13.06,879.49,66.6,0,none
2026-08-01 06:00:00,AWS_SHIMLA_01,Hilly,31.1048,77.1734,13.77,879.05,69.48,0,none
2026-08-01 06:15:00,AWS_SHIMLA_01,Hilly,31.1048,77.1734,13.33,878.86,68.85,0,none
2026-08-01 06:30:00,AWS_SHIMLA_01,Hilly,31.1048,77.1734,14.39,879.31,67.9,0,none
2026-08-01 06:45:00,AWS_SHIMLA_01,Hilly,31.1048,77.1734,14.47,879.01,69.96,0,none
2026-08-01 07:00:00,AWS_SHIMLA_01,Hilly,31.1048,77.1734,14.9,879.15,66.26,0,none
2026-08-01 07:15:00,AWS_SHIMLA_01,Hilly,31.1048,77.1734,14.77,879.76,67.68,0,none
2026-08-01 07:30:00,AWS_SHIMLA_01,Hilly,31.1048,77.1734,14.68,879.68,66.6,0,none
2026-08-01 07:45:00,AWS_SHIMLA_01,Hilly,31.1048,77.1734,15.87,879.56,67.1,0,none
2026-08-01 08:00:00,AWS_SHIMLA_01,Hilly,31.1048,77.1734,15.17,879.22,64.2,0,none
2026-08-01 08:15:00,AWS_SHIMLA_01,Hilly,31.1048,77.1734,16.2,879.76,63.53,0,none
2026-08-01 08:30:00,AWS_SHIMLA_01,Hilly,31.1048,77.1734,17.03,880.11,65.14,0,none
2026-08-01 08:45:00,AWS_SHIMLA_01,Hilly,31.1048,77.1734,17.05,879.78,63.75,0,none
2026-08-01 09:00:00,AWS_SHIMLA_01,Hilly,31.1048,77.1734,18.07,880.41,60.82,0,none
2026-08-01 09:15:00,AWS_SHIMLA_01,Hilly,31.1048,77.1734,18.02,880.49,61.46,0,none
2026-08-01 09:30:00,AWS_SHIMLA_01,Hilly,31.1048,77.1734,17.65,880.71,62.02,0,none
2026-08-01 09:45:00,AWS_SHIMLA_01,Hilly,31.1048,77.1734,18.22,880.4,62.02,0,none
2026-08-01 10:00:00,AWS_SHIMLA_01,Hilly,31.1048,77.1734,18.48,880.58,59.68,0,none
2026-08-01 10:15:00,AWS_SHIMLA_01,Hilly,31.1048,77.1734,18.14,880.91,56.5,0,none
2026-08-01 10:30:00,AWS_SHIMLA_01,Hilly,31.1048,77.1734,18.67,880.7,60.15,0,none
2026-08-01 10:45:00,AWS_SHIMLA_01,Hilly,31.1048,77.1734,19.07,880.48,57.6,0,none
2026-08-01 11:00:00,AWS_SHIMLA_01,Hilly,31.1048,77.1734,18.72,880.56,56.22,0,none
2026-08-01 11:15:00,AWS_SHIMLA_01,Hilly,31.1048,77.1734,19.78,880.81,54.83,0,none
2026-08-01 11:30:00,AWS_SHIMLA_01,Hilly,31.1048,77.1734,19.87,880.39,58.84,0,none
2026-08-01 11:45:00,AWS_SHIMLA_01,Hilly,31.1048,77.1734,19.49,880.75,57.67,0,none
2026-08-01 12:00:00,AWS_SHIMLA_01,Hilly,31.1048,77.1734,20.49,881.13,56.93,0,none
2026-08-01 12:15:00,AWS_SHIMLA_01,Hilly,31.1048,77.1734,20.77,880.14,58.59,0,none
2026-08-01 12:30:00,AWS_SHIMLA_01,Hilly,31.1048,77.1734,20.71,881.23,57.45,0,none
2026-08-01 12:45:00,AWS_SHIMLA_01,Hilly,31.1048,77.1734,20.61,881.08,58.42,0,none
2026-08-01 13:00:00,AWS_SHIMLA_01,Hilly,31.1048,77.1734,21.07,880.55,54.64,0,none
2026-08-01 13:15:00,AWS_SHIMLA_01,Hilly,31.1048,77.1734,21.18,880.8,56.13,0,none
2026-08-01 13:30:00,AWS_SHIMLA_01,Hilly,31.1048,77.1734,21.08,880.57,54.14,0,none
2026-08-01 13:45:00,AWS_SHIMLA_01,Hilly,31.1048,77.1734,20.66,880.86,55.74,0,none
2026-08-01 14:00:00,AWS_SHIMLA_01,Hilly,31.1048,77.1734,21.11,880.69,55.7,0,none
2026-08-01 14:15:00,AWS_SHIMLA_01,Hilly,31.1048,77.1734,21.47,879.89,56.77,0,none
2026-08-01 14:30:00,AWS_SHIMLA_01,Hilly,31.1048,77.1734,20.72,880.38,56.13,0,none
2026-08-01 14:45:00,AWS_SHIMLA_01,Hilly,31.1048,77.1734,21.74,880.04,56.92,0,none
2026-08-01 15:00:00,AWS_SHIMLA_01,Hilly,31.1048,77.1734,20.62,880.02,57.15,0,none
2026-08-01 15:15:00,AWS_SHIMLA_01,Hilly,31.1048,77.1734,20.75,879.68,59.06,0,none
2026-08-01 15:30:00,AWS_SHIMLA_01,Hilly,31.1048,77.1734,20.35,880.32,56.31,0,none
2026-08-01 15:45:00,AWS_SHIMLA_01,Hilly,31.1048,77.1734,20.57,880.01,55.8,0,none
2026-08-01 16:00:00,AWS_SHIMLA_01,Hilly,31.1048,77.1734,19.63,879.38,57.5,0,none
2026-08-01 16:15:00,AWS_SHIMLA_01,Hilly,31.1048,77.1734,19.94,879.11,56.55,0,none
2026-08-01 16:30:00,AWS_SHIMLA_01,Hilly,31.1048,77.1734,19.53,879.32,59.64,0,none
2026-08-01 16:45:00,AWS_SHIMLA_01,Hilly,31.1048,77.1734,19.81,879.5,57.89,0,none
2026-08-01 17:00:00,AWS_SHIMLA_01,Hilly,31.1048,77.1734,19.93,879.38,57.96,0,none
2026-08-01 17:15:00,AWS_SHIMLA_01,Hilly,31.1048,77.1734,19.56,879.64,58.5,0,none
2026-08-01 17:30:00,AWS_SHIMLA_01,Hilly,31.1048,77.1734,18.1,879.46,60.38,0,none
2026-08-01 17:45:00,AWS_SHIMLA_01,Hilly,31.1048,77.1734,19.59,879.5,59.81,0,none
2026-08-01 18:00:00,AWS_SHIMLA_01,Hilly,31.1048,77.1734,18.62,879.3,59.73,0,none
2026-08-01 18:15:00,AWS_SHIMLA_01,Hilly,31.1048,77.1734,17.9,878.79,63.02,0,none
2026-08-01 18:30:00,AWS_SHIMLA_01,Hilly,31.1048,77.1734,17.98,879.17,60.53,0,none
2026-08-01 18:45:00,AWS_SHIMLA_01,Hilly,31.1048,77.1734,17.68,879.58,62.15,0,none
2026-08-01 19:00:00,AWS_SHIMLA_01,Hilly,31.1048,77.1734,17.03,879.29,63.45,0,none
2026-08-01 19:15:00,AWS_SHIMLA_01,Hilly,31.1048,77.1734,17.05,879.52,61.29,0,none
2026-08-01 19:30:00,AWS_SHIMLA_01,Hilly,31.1048,77.1734,16.41,879.34,64.4,0,none
2026-08-01 19:45:00,AWS_SHIMLA_01,Hilly,31.1048,77.1734,16.17,879.2,63.15,0,none
2026-08-01 20:00:00,AWS_SHIMLA_01,Hilly,31.1048,77.1734,15.73,879.56,65.99,0,none
2026-08-01 20:15:00,AWS_SHIMLA_01,Hilly,31.1048,77.1734,15.1,879.79,64.43,0,none
2026-08-01 20:30:00,AWS_SHIMLA_01,Hilly,31.1048,77.1734,15.41,879.6,67.01,0,none
2026-08-01 20:45:00,AWS_SHIMLA_01,Hilly,31.1048,77.1734,15.26,879.82,68.08,0,none
2026-08-01 21:00:00,AWS_SHIMLA_01,Hilly,31.1048,77.1734,14.91,879.72,68.36,0,none
2026-08-01 21:15:00,AWS_SHIMLA_01,Hilly,31.1048,77.1734,14.72,880.44,68.19,0,none
2026-08-01 21:30:00,AWS_SHIMLA_01,Hilly,31.1048,77.1734,14.22,880.12,68.17,0,none
2026-08-01 21:45:00,AWS_SHIMLA_01,Hilly,31.1048,77.1734,13.58,880.74,68.29,0,none
2026-08-01 22:00:00,AWS_SHIMLA_01,Hilly,31.1048,77.1734,13.84,880.86,71.27,0,none
2026-08-01 22:15:00,AWS_SHIMLA_01,Hilly,31.1048,77.1734,12.68,880.46,69.16,0,none
2026-08-01 22:30:00,AWS_SHIMLA_01,Hilly,31.1048,77.1734,12.6,880.26,69.23,0,none
2026-08-01 22:45:00,AWS_SHIMLA_01,Hilly,31.1048,77.1734,12.32,880.01,71.73,0,none
2026-08-01 23:00:00,AWS_SHIMLA_01,Hilly,31.1048,77.1734,12.9,880.25,70.41,0,none
2026-08-01 23:15:00,AWS_SHIMLA_01,Hilly,31.1048,77.1734,12.62,880.33,70.63,0,none
2026-08-01 23:30:00,AWS_SHIMLA_01,Hilly,31.1048,77.1734,12.23,881.19,70.41,0,none
2026-08-01 23:45:00,AWS_SHIMLA_01,Hilly,31.1048,77.1734,12.27,880.83,71.9,0,none
2026-08-02 00:00:00,AWS_SHIMLA_01,Hilly,31.1048,77.1734,11.32,880.92,72.69,0,none
2026-08-02 00:15:00,AWS_SHIMLA_01,Hilly,31.1048,77.1734,11.66,880.13,73.36,0,none
2026-08-02 00:30:00,AWS_SHIMLA_01,Hilly,31.1048,77.1734,11.33,880.41,74.46,0,none
2026-08-02 00:45:00,AWS_SHIMLA_01,Hilly,31.1048,77.1734,11.6,881.01,74.15,0,none
2026-08-02 01:00:00,AWS_SHIMLA_01,Hilly,31.1048,77.1734,11.12,880.78,73.46,0,none
2026-08-02 01:15:00,AWS_SHIMLA_01,Hilly,31.1048,77.1734,10.94,880.59,73.59,0,none
2026-08-02 01:30:00,AWS_SHIMLA_01,Hilly,31.1048,77.1734,11.26,880.74,74.54,0,none
2026-08-02 01:45:00,AWS_SHIMLA_01,Hilly,31.1048,77.1734,11.36,880.98,75.51,0,none
2026-08-02 02:00:00,AWS_SHIMLA_01,Hilly,31.1048,77.1734,10.73,880.33,74.15,0,none
2026-08-02 02:15:00,AWS_SHIMLA_01,Hilly,31.1048,77.1734,10.99,880.33,73.42,0,none
2026-08-02 02:30:00,AWS_SHIMLA_01,Hilly,31.1048,77.1734,10.62,880.26,72.73,0,none
2026-08-02 02:45:00,AWS_SHIMLA_01,Hilly,31.1048,77.1734,10.1,880.82,72.09,0,none
2026-08-02 03:00:00,AWS_SHIMLA_01,Hilly,31.1048,77.1734,11.25,879.37,74.49,0,none
2026-08-02 03:15:00,AWS_SHIMLA_01,Hilly,31.1048,77.1734,11.51,880.1,74.22,0,none
2026-08-02 03:30:00,AWS_SHIMLA_01,Hilly,31.1048,77.1734,11.49,879.76,74.01,0,none
2026-08-02 03:45:00,AWS_SHIMLA_01,Hilly,31.1048,77.1734,10.74,879.86,72.92,0,none
2026-08-02 04:00:00,AWS_SHIMLA_01,Hilly,31.1048,77.1734,11.53,879.4,74.48,0,none
2026-08-02 04:15:00,AWS_SHIMLA_01,Hilly,31.1048,77.1734,10.96,879.5,71.9,0,none
2026-08-02 04:30:00,AWS_SHIMLA_01,Hilly,31.1048,77.1734,12.58,879.65,73.29,0,none
2026-08-02 04:45:00,AWS_SHIMLA_01,Hilly,31.1048,77.1734,11.81,880.3,71.72,0,none
2026-08-02 05:00:00,AWS_SHIMLA_01,Hilly,31.1048,77.1734,12.97,879.55,70.63,0,none
2026-08-02 05:15:00,AWS_SHIMLA_01,Hilly,31.1048,77.1734,13.08,879.01,71.65,0,none
2026-08-02 05:30:00,AWS_SHIMLA_01,Hilly,31.1048,77.1734,12.6,879.1,70.97,0,none
2026-08-02 05:45:00,AWS_SHIMLA_01,Hilly,31.1048,77.1734,12.77,879.07,70.43,0,none
2026-08-02 06:00:00,AWS_SHIMLA_01,Hilly,31.1048,77.1734,13.64,878.66,69.6,0,none
2026-08-02 06:15:00,AWS_SHIMLA_01,Hilly,31.1048,77.1734,13.45,879.11,68.94,0,none
2026-08-02 06:30:00,AWS_SHIMLA_01,Hilly,31.1048,77.1734,14.13,879.45,71.31,0,none
2026-08-02 06:45:00,AWS_SHIMLA_01,Hilly,31.1048,77.1734,14.2,878.88,69.31,0,none
2026-08-02 07:00:00,AWS_SHIMLA_01,Hilly,31.1048,77.1734,13.99,879.62,68.2,0,none
2026-08-02 07:15:00,AWS_SHIMLA_01,Hilly,31.1048,77.1734,14.13,879.51,66.89,0,none
2026-08-02 07:30:00,AWS_SHIMLA_01,Hilly,31.1048,77.1734,15.44,879.21,67.38,0,none
2026-08-02 07:45:00,AWS_SHIMLA_01,Hilly,31.1048,77.1734,15.45,879.47,66.21,0,none
2026-08-02 08:00:00,AWS_SHIMLA_01,Hilly,31.1048,77.1734,15.78,880.08,65.03,0,none
2026-08-02 08:15:00,AWS_SHIMLA_01,Hilly,31.1048,77.1734,16.61,879.91,64.05,0,none
2026-08-02 08:30:00,AWS_SHIMLA_01,Hilly,31.1048,77.1734,17.12,879.8,63.73,0,none
2026-08-02 08:45:00,AWS_SHIMLA_01,Hilly,31.1048,77.1734,16.87,879.82,59.44,0,none
2026-08-02 09:00:00,AWS_SHIMLA_01,Hilly,31.1048,77.1734,17.16,880.02,62.92,0,none
2026-08-02 09:15:00,AWS_SHIMLA_01,Hilly,31.1048,77.1734,17.81,879.95,61.52,0,none
2026-08-02 09:30:00,AWS_SHIMLA_01,Hilly,31.1048,77.1734,17.37,879.58,63.47,0,none
2026-08-02 09:45:00,AWS_SHIMLA_01,Hilly,31.1048,77.1734,18.3,880.92,61.04,0,none
2026-08-02 10:00:00,AWS_SHIMLA_01,Hilly,31.1048,77.1734,18.72,880.45,59.07,0,none
2026-08-02 10:15:00,AWS_SHIMLA_01,Hilly,31.1048,77.1734,19.05,880.61,59.94,0,none
2026-08-02 10:30:00,AWS_SHIMLA_01,Hilly,31.1048,77.1734,18.27,880.55,58.27,0,none
2026-08-02 10:45:00,AWS_SHIMLA_01,Hilly,31.1048,77.1734,18.99,880.41,59.63,0,none
2026-08-02 11:00:00,AWS_SHIMLA_01,Hilly,31.1048,77.1734,19.18,880.64,58.99,0,none
2026-08-02 11:15:00,AWS_SHIMLA_01,Hilly,31.1048,77.1734,19.8,880.26,59.38,1,calibration_drift
2026-08-02 11:30:00,AWS_SHIMLA_01,Hilly,31.1048,77.1734,20.68,881.46,56.91,1,calibration_drift
2026-08-02 11:45:00,AWS_SHIMLA_01,Hilly,31.1048,77.1734,21.8,880.42,57.56,1,calibration_drift
2026-08-02 12:00:00,AWS_SHIMLA_01,Hilly,31.1048,77.1734,21.7,880.49,55.57,1,calibration_drift
2026-08-02 12:15:00,AWS_SHIMLA_01,Hilly,31.1048,77.1734,22.37,880.66,57.77,1,calibration_drift
2026-08-02 12:30:00,AWS_SHIMLA_01,Hilly,31.1048,77.1734,23.69,881.16,57.31,1,calibration_drift
2026-08-02 12:45:00,AWS_SHIMLA_01,Hilly,31.1048,77.1734,23.98,880.74,57.07,1,calibration_drift
2026-08-02 13:00:00,AWS_SHIMLA_01,Hilly,31.1048,77.1734,24.99,880.32,56.31,1,calibration_drift
2026-08-02 13:15:00,AWS_SHIMLA_01,Hilly,31.1048,77.1734,25.19,881.01,56.67,1,calibration_drift
2026-08-02 13:30:00,AWS_SHIMLA_01,Hilly,31.1048,77.1734,25.19,880.78,58.0,1,calibration_drift
2026-08-02 13:45:00,AWS_SHIMLA_01,Hilly,31.1048,77.1734,25.67,880.65,55.68,1,calibration_drift
2026-08-02 14:00:00,AWS_SHIMLA_01,Hilly,31.1048,77.1734,26.12,880.61,56.17,1,calibration_drift
2026-08-02 14:15:00,AWS_SHIMLA_01,Hilly,31.1048,77.1734,27.51,881.02,54.72,1,calibration_drift
2026-08-02 14:30:00,AWS_SHIMLA_01,Hilly,31.1048,77.1734,28.22,880.86,55.04,1,calibration_drift
2026-08-02 14:45:00,AWS_SHIMLA_01,Hilly,31.1048,77.1734,28.95,879.9,56.29,1,calibration_drift
2026-08-02 15:00:00,AWS_SHIMLA_01,Hilly,31.1048,77.1734,28.99,880.49,57.63,1,calibration_drift
2026-08-02 15:15:00,AWS_SHIMLA_01,Hilly,31.1048,77.1734,29.55,880.01,56.17,1,calibration_drift
2026-08-02 15:30:00,AWS_SHIMLA_01,Hilly,31.1048,77.1734,29.26,879.94,56.4,1,calibration_drift
2026-08-02 15:45:00,AWS_SHIMLA_01,Hilly,31.1048,77.1734,29.41,879.19,56.44,1,calibration_drift
2026-08-02 16:00:00,AWS_SHIMLA_01,Hilly,31.1048,77.1734,30.58,879.55,56.56,1,calibration_drift
2026-08-02 16:15:00,AWS_SHIMLA_01,Hilly,31.1048,77.1734,30.76,879.27,57.87,1,calibration_drift
2026-08-02 16:30:00,AWS_SHIMLA_01,Hilly,31.1048,77.1734,30.97,879.68,56.06,1,calibration_drift
2026-08-02 16:45:00,AWS_SHIMLA_01,Hilly,31.1048,77.1734,31.39,879.69,59.77,1,calibration_drift
2026-08-02 17:00:00,AWS_SHIMLA_01,Hilly,31.1048,77.1734,31.66,878.68,57.84,1,calibration_drift
2026-08-02 17:15:00,AWS_SHIMLA_01,Hilly,31.1048,77.1734,19.81,879.25,59.93,0,none
2026-08-02 17:30:00,AWS_SHIMLA_01,Hilly,31.1048,77.1734,19.56,879.56,58.0,0,none
2026-08-02 17:45:00,AWS_SHIMLA_01,Hilly,31.1048,77.1734,19.0,879.15,60.8,0,none
2026-08-02 18:00:00,AWS_SHIMLA_01,Hilly,31.1048,77.1734,18.84,879.42,61.31,0,none
2026-08-02 18:15:00,AWS_SHIMLA_01,Hilly,31.1048,77.1734,18.42,879.31,61.48,0,none
2026-08-02 18:30:00,AWS_SHIMLA_01,Hilly,31.1048,77.1734,17.73,879.33,60.36,0,none
2026-08-02 18:45:00,AWS_SHIMLA_01,Hilly,31.1048,77.1734,17.91,879.18,62.41,0,none
2026-08-02 19:00:00,AWS_SHIMLA_01,Hilly,31.1048,77.1734,16.74,878.94,61.25,0,none
2026-08-02 19:15:00,AWS_SHIMLA_01,Hilly,31.1048,77.1734,17.4,879.03,62.94,0,none
2026-08-02 19:30:00,AWS_SHIMLA_01,Hilly,31.1048,77.1734,16.17,879.65,65.06,0,none
2026-08-02 19:45:00,AWS_SHIMLA_01,Hilly,31.1048,77.1734,16.44,879.52,65.37,0,none
2026-08-02 20:00:00,AWS_SHIMLA_01,Hilly,31.1048,77.1734,15.66,879.56,65.02,0,none
2026-08-02 20:15:00,AWS_SHIMLA_01,Hilly,31.1048,77.1734,15.89,879.57,64.42,0,none
2026-08-02 20:30:00,AWS_SHIMLA_01,Hilly,31.1048,77.1734,15.33,879.7,66.95,0,none
2026-08-02 20:45:00,AWS_SHIMLA_01,Hilly,31.1048,77.1734,14.39,880.21,66.78,0,none
2026-08-02 21:00:00,AWS_SHIMLA_01,Hilly,31.1048,77.1734,14.87,879.9,64.54,0,none
2026-08-02 21:15:00,AWS_SHIMLA_01,Hilly,31.1048,77.1734,14.16,879.7,68.83,0,none
2026-08-02 21:30:00,AWS_SHIMLA_01,Hilly,31.1048,77.1734,14.44,880.43,68.42,0,none
2026-08-02 21:45:00,AWS_SHIMLA_01,Hilly,31.1048,77.1734,13.79,880.24,70.42,0,none
2026-08-02 22:00:00,AWS_SHIMLA_01,Hilly,31.1048,77.1734,13.66,880.41,68.19,0,none
2026-08-02 22:15:00,AWS_SHIMLA_01,Hilly,31.1048,77.1734,12.84,880.97,66.19,0,none
2026-08-02 22:30:00,AWS_SHIMLA_01,Hilly,31.1048,77.1734,12.72,880.56,70.81,0,none
2026-08-02 22:45:00,AWS_SHIMLA_01,Hilly,31.1048,77.1734,12.52,880.72,71.28,0,none
2026-08-02 23:00:00,AWS_SHIMLA_01,Hilly,31.1048,77.1734,12.81,880.34,69.34,0,none
2026-08-02 23:15:00,AWS_SHIMLA_01,Hilly,31.1048,77.1734,12.91,880.67,70.59,0,none
2026-08-02 23:30:00,AWS_SHIMLA_01,Hilly,31.1048,77.1734,11.71,880.96,75.45,0,none
2026-08-02 23:45:00,AWS_SHIMLA_01,Hilly,31.1048,77.1734,12.27,880.33,72.12,0,none
2026-08-03 00:00:00,AWS_SHIMLA_01,Hilly,31.1048,77.1734,10.8,880.86,73.67,0,none
2026-08-03 00:15:00,AWS_SHIMLA_01,Hilly,31.1048,77.1734,11.04,880.82,72.29,0,none
2026-08-03 00:30:00,AWS_SHIMLA_01,Hilly,31.1048,77.1734,11.0,880.79,70.81,0,none
2026-08-03 00:45:00,AWS_SHIMLA_01,Hilly,31.1048,77.1734,10.72,881.05,73.32,0,none
2026-08-03 01:00:00,AWS_SHIMLA_01,Hilly,31.1048,77.1734,10.54,880.79,73.37,0,none
2026-08-03 01:15:00,AWS_SHIMLA_01,Hilly,31.1048,77.1734,11.26,881.08,73.35,0,none
2026-08-03 01:30:00,AWS_SHIMLA_01,Hilly,31.1048,77.1734,10.96,880.27,73.79,0,none
2026-08-03 01:45:00,AWS_SHIMLA_01,Hilly,31.1048,77.1734,11.16,880.53,74.3,1,calibration_drift
2026-08-03 02:00:00,AWS_SHIMLA_01,Hilly,31.1048,77.1734,11.8,880.43,73.82,1,calibration_drift
2026-08-03 02:15:00,AWS_SHIMLA_01,Hilly,31.1048,77.1734,12.16,879.99,72.46,1,calibration_drift
2026-08-03 02:30:00,AWS_SHIMLA_01,Hilly,31.1048,77.1734,12.87,880.49,74.51,1,calibration_drift
2026-08-03 02:45:00,AWS_SHIMLA_01,Hilly,31.1048,77.1734,13.16,880.8,71.49,1,calibration_drift
2026-08-03 03:00:00,AWS_SHIMLA_01,Hilly,31.1048,77.1734,13.3,879.99,71.23,1,calibration_drift
2026-08-03 03:15:00,AWS_SHIMLA_01,Hilly,31.1048,77.1734,14.82,880.05,74.41,1,calibration_drift
2026-08-03 03:30:00,AWS_SHIMLA_01,Hilly,31.1048,77.1734,14.8,879.82,73.92,1,calibration_drift
2026-08-03 03:45:00,AWS_SHIMLA_01,Hilly,31.1048,77.1734,15.32,879.48,73.0,1,calibration_drift
2026-08-03 04:00:00,AWS_SHIMLA_01,Hilly,31.1048,77.1734,16.29,879.05,71.12,1,calibration_drift
2026-08-03 04:15:00,AWS_SHIMLA_01,Hilly,31.1048,77.1734,16.69,879.3,71.63,1,calibration_drift
2026-08-03 04:30:00,AWS_SHIMLA_01,Hilly,31.1048,77.1734,17.61,879.02,71.82,1,calibration_drift
2026-08-03 04:45:00,AWS_SHIMLA_01,Hilly,31.1048,77.1734,18.64,879.88,69.85,1,calibration_drift
2026-08-03 05:00:00,AWS_SHIMLA_01,Hilly,31.1048,77.1734,19.39,879.27,70.48,1,calibration_drift
2026-08-03 05:15:00,AWS_SHIMLA_01,Hilly,31.1048,77.1734,19.65,879.16,71.72,1,calibration_drift
2026-08-03 05:30:00,AWS_SHIMLA_01,Hilly,31.1048,77.1734,20.59,879.49,72.19,1,calibration_drift
2026-08-03 05:45:00,AWS_SHIMLA_01,Hilly,31.1048,77.1734,22.0,878.87,69.5,1,calibration_drift
2026-08-03 06:00:00,AWS_SHIMLA_01,Hilly,31.1048,77.1734,22.57,878.97,70.41,1,calibration_drift
2026-08-03 06:15:00,AWS_SHIMLA_01,Hilly,31.1048,77.1734,24.01,879.23,66.68,1,calibration_drift
2026-08-03 06:30:00,AWS_SHIMLA_01,Hilly,31.1048,77.1734,24.47,879.54,69.24,1,calibration_drift
2026-08-03 06:45:00,AWS_SHIMLA_01,Hilly,31.1048,77.1734,25.29,879.41,66.93,1,calibration_drift
2026-08-03 07:00:00,AWS_SHIMLA_01,Hilly,31.1048,77.1734,25.11,879.38,67.7,1,calibration_drift
2026-08-03 07:15:00,AWS_SHIMLA_01,Hilly,31.1048,77.1734,26.81,879.39,66.46,1,calibration_drift
2026-08-03 07:30:00,AWS_SHIMLA_01,Hilly,31.1048,77.1734,27.33,879.55,67.76,1,calibration_drift
2026-08-03 07:45:00,AWS_SHIMLA_01,Hilly,31.1048,77.1734,15.45,879.57,64.54,0,none
2026-08-03 08:00:00,AWS_SHIMLA_01,Hilly,31.1048,77.1734,16.07,879.29,65.75,0,none
2026-08-03 08:15:00,AWS_SHIMLA_01,Hilly,31.1048,77.1734,16.71,879.71,64.08,0,none
2026-08-03 08:30:00,AWS_SHIMLA_01,Hilly,31.1048,77.1734,16.85,879.47,63.64,0,none
2026-08-03 08:45:00,AWS_SHIMLA_01,Hilly,31.1048,77.1734,16.62,879.92,63.02,0,none
2026-08-03 09:00:00,AWS_SHIMLA_01,Hilly,31.1048,77.1734,17.59,879.86,61.66,0,none
2026-08-03 09:15:00,AWS_SHIMLA_01,Hilly,31.1048,77.1734,17.35,880.87,62.09,0,none
2026-08-03 09:30:00,AWS_SHIMLA_01,Hilly,31.1048,77.1734,18.0,880.2,61.48,0,none
2026-08-03 09:45:00,AWS_SHIMLA_01,Hilly,31.1048,77.1734,18.09,879.88,61.31,0,none
2026-08-03 10:00:00,AWS_SHIMLA_01,Hilly,31.1048,77.1734,18.41,880.36,60.6,0,none
2026-08-03 10:15:00,AWS_SHIMLA_01,Hilly,31.1048,77.1734,19.08,880.64,60.96,0,none
2026-08-03 10:30:00,AWS_SHIMLA_01,Hilly,31.1048,77.1734,18.63,881.07,60.63,0,none
2026-08-03 10:45:00,AWS_SHIMLA_01,Hilly,31.1048,77.1734,20.07,880.46,57.81,0,none
2026-08-03 11:00:00,AWS_SHIMLA_01,Hilly,31.1048,77.1734,18.81,880.22,59.68,0,none
2026-08-03 11:15:00,AWS_SHIMLA_01,Hilly,31.1048,77.1734,19.52,880.98,56.81,0,none
2026-08-03 11:30:00,AWS_SHIMLA_01,Hilly,31.1048,77.1734,20.11,880.36,58.57,0,none
2026-08-03 11:45:00,AWS_SHIMLA_01,Hilly,31.1048,77.1734,20.39,880.66,58.26,0,none
2026-08-03 12:00:00,AWS_SHIMLA_01,Hilly,31.1048,77.1734,20.29,880.72,54.91,0,none
2026-08-03 12:15:00,AWS_SHIMLA_01,Hilly,31.1048,77.1734,20.46,880.77,57.04,0,none
2026-08-03 12:30:00,AWS_SHIMLA_01,Hilly,31.1048,77.1734,20.78,880.98,56.12,0,none
2026-08-03 12:45:00,AWS_SHIMLA_01,Hilly,31.1048,77.1734,20.64,880.53,55.57,0,none
2026-08-03 13:00:00,AWS_SHIMLA_01,Hilly,31.1048,77.1734,21.39,880.61,57.93,0,none
2026-08-03 13:15:00,AWS_SHIMLA_01,Hilly,31.1048,77.1734,21.24,880.63,55.39,0,none
2026-08-03 13:30:00,AWS_SHIMLA_01,Hilly,31.1048,77.1734,21.31,880.61,55.11,0,none
2026-08-03 13:45:00,AWS_SHIMLA_01,Hilly,31.1048,77.1734,20.6,880.52,56.11,0,none
2026-08-03 14:00:00,AWS_SHIMLA_01,Hilly,31.1048,77.1734,20.97,880.53,56.82,0,none
2026-08-03 14:15:00,AWS_SHIMLA_01,Hilly,31.1048,77.1734,20.87,880.56,55.85,0,none
2026-08-03 14:30:00,AWS_SHIMLA_01,Hilly,31.1048,77.1734,20.55,880.32,57.48,0,none
2026-08-03 14:45:00,AWS_SHIMLA_01,Hilly,31.1048,77.1734,21.05,880.24,56.81,0,none
2026-08-03 15:00:00,AWS_SHIMLA_01,Hilly,31.1048,77.1734,20.61,879.53,53.69,0,none
2026-08-03 15:15:00,AWS_SHIMLA_01,Hilly,31.1048,77.1734,21.0,879.91,55.84,0,none
2026-08-03 15:30:00,AWS_SHIMLA_01,Hilly,31.1048,77.1734,20.19,879.94,56.01,0,none
2026-08-03 15:45:00,AWS_SHIMLA_01,Hilly,31.1048,77.1734,21.17,879.91,57.5,0,none
2026-08-03 16:00:00,AWS_SHIMLA_01,Hilly,31.1048,77.1734,19.97,879.39,54.06,0,none
2026-08-03 16:15:00,AWS_SHIMLA_01,Hilly,31.1048,77.1734,20.25,879.32,60.58,0,none
2026-08-03 16:30:00,AWS_SHIMLA_01,Hilly,31.1048,77.1734,20.28,879.26,58.5,0,none
2026-08-03 16:45:00,AWS_SHIMLA_01,Hilly,31.1048,77.1734,19.53,879.53,58.41,0,none
2026-08-03 17:00:00,AWS_SHIMLA_01,Hilly,31.1048,77.1734,19.88,879.62,60.05,0,none
2026-08-03 17:15:00,AWS_SHIMLA_01,Hilly,31.1048,77.1734,18.81,879.14,61.88,0,none
2026-08-03 17:30:00,AWS_SHIMLA_01,Hilly,31.1048,77.1734,19.62,879.5,60.57,0,none
2026-08-03 17:45:00,AWS_SHIMLA_01,Hilly,31.1048,77.1734,18.78,879.24,61.14,0,none
2026-08-03 18:00:00,AWS_SHIMLA_01,Hilly,31.1048,77.1734,18.26,879.16,60.66,0,none
2026-08-03 18:15:00,AWS_SHIMLA_01,Hilly,31.1048,77.1734,18.09,879.14,60.85,0,none
2026-08-03 18:30:00,AWS_SHIMLA_01,Hilly,31.1048,77.1734,18.24,879.45,60.98,0,none
2026-08-03 18:45:00,AWS_SHIMLA_01,Hilly,31.1048,77.1734,17.37,879.36,61.12,0,none
2026-08-03 19:00:00,AWS_SHIMLA_01,Hilly,31.1048,77.1734,16.99,879.99,61.85,0,none
2026-08-03 19:15:00,AWS_SHIMLA_01,Hilly,31.1048,77.1734,16.89,879.11,61.62,0,none
2026-08-03 19:30:00,AWS_SHIMLA_01,Hilly,31.1048,77.1734,16.18,879.59,63.73,0,none
2026-08-03 19:45:00,AWS_SHIMLA_01,Hilly,31.1048,77.1734,17.06,879.35,62.39,0,none
2026-08-03 20:00:00,AWS_SHIMLA_01,Hilly,31.1048,77.1734,15.77,879.34,65.23,0,none
2026-08-03 20:15:00,AWS_SHIMLA_01,Hilly,31.1048,77.1734,16.01,879.69,65.55,0,none
2026-08-03 20:30:00,AWS_SHIMLA_01,Hilly,31.1048,77.1734,15.43,879.83,66.35,0,none
2026-08-03 20:45:00,AWS_SHIMLA_01,Hilly,31.1048,77.1734,14.63,880.77,66.13,0,none
2026-08-03 21:00:00,AWS_SHIMLA_01,Hilly,31.1048,77.1734,14.7,879.94,71.02,0,none
2026-08-03 21:15:00,AWS_SHIMLA_01,Hilly,31.1048,77.1734,14.71,879.77,69.53,0,none
2026-08-03 21:30:00,AWS_SHIMLA_01,Hilly,31.1048,77.1734,14.01,880.29,66.95,0,none
2026-08-03 21:45:00,AWS_SHIMLA_01,Hilly,31.1048,77.1734,14.27,879.68,69.26,0,none
2026-08-03 22:00:00,AWS_SHIMLA_01,Hilly,31.1048,77.1734,13.91,880.37,68.77,0,none
2026-08-03 22:15:00,AWS_SHIMLA_01,Hilly,31.1048,77.1734,13.59,880.49,68.78,0,none
2026-08-03 22:30:00,AWS_SHIMLA_01,Hilly,31.1048,77.1734,12.77,880.8,68.87,0,none
2026-08-03 22:45:00,AWS_SHIMLA_01,Hilly,31.1048,77.1734,12.27,880.93,71.45,0,none
2026-08-03 23:00:00,AWS_SHIMLA_01,Hilly,31.1048,77.1734,12.22,880.54,70.55,0,none
2026-08-03 23:15:00,AWS_SHIMLA_01,Hilly,31.1048,77.1734,12.32,880.69,72.93,0,none
2026-08-03 23:30:00,AWS_SHIMLA_01,Hilly,31.1048,77.1734,12.25,880.54,73.33,0,none
2026-08-03 23:45:00,AWS_SHIMLA_01,Hilly,31.1048,77.1734,10.97,880.45,74.13,0,none
2026-08-01 00:00:00,AWS_MUMBAI_01,Coastal,19.076,72.8777,27.12,1012.67,85.55,0,none
2026-08-01 00:15:00,AWS_MUMBAI_01,Coastal,19.076,72.8777,26.48,1013.23,83.8,0,none
2026-08-01 00:30:00,AWS_MUMBAI_01,Coastal,19.076,72.8777,26.41,1012.3,83.74,0,none
2026-08-01 00:45:00,AWS_MUMBAI_01,Coastal,19.076,72.8777,26.72,1012.66,84.49,0,none
2026-08-01 01:00:00,AWS_MUMBAI_01,Coastal,19.076,72.8777,26.2,1012.74,85.08,0,none
2026-08-01 01:15:00,AWS_MUMBAI_01,Coastal,19.076,72.8777,25.91,1012.82,85.44,0,none
2026-08-01 01:30:00,AWS_MUMBAI_01,Coastal,19.076,72.8777,26.05,1012.62,82.44,0,none
2026-08-01 01:45:00,AWS_MUMBAI_01,Coastal,19.076,72.8777,26.57,1012.21,84.02,0,none
2026-08-01 02:00:00,AWS_MUMBAI_01,Coastal,19.076,72.8777,26.02,1012.75,84.72,0,none
2026-08-01 02:15:00,AWS_MUMBAI_01,Coastal,19.076,72.8777,25.74,1012.31,84.23,0,none
2026-08-01 02:30:00,AWS_MUMBAI_01,Coastal,19.076,72.8777,26.09,1011.71,81.7,0,none
2026-08-01 02:45:00,AWS_MUMBAI_01,Coastal,19.076,72.8777,26.34,1012.17,82.8,0,none
2026-08-01 03:00:00,AWS_MUMBAI_01,Coastal,19.076,72.8777,26.35,1012.14,83.39,0,none
2026-08-01 03:15:00,AWS_MUMBAI_01,Coastal,19.076,72.8777,26.43,1012.48,84.68,0,none
2026-08-01 03:30:00,AWS_MUMBAI_01,Coastal,19.076,72.8777,25.97,1011.92,84.13,0,none
2026-08-01 03:45:00,AWS_MUMBAI_01,Coastal,19.076,72.8777,26.72,1011.25,83.7,0,none
2026-08-01 04:00:00,AWS_MUMBAI_01,Coastal,19.076,72.8777,26.55,1011.17,85.19,0,none
2026-08-01 04:15:00,AWS_MUMBAI_01,Coastal,19.076,72.8777,26.39,1011.89,84.94,0,none
2026-08-01 04:30:00,AWS_MUMBAI_01,Coastal,19.076,72.8777,27.13,1011.19,83.89,0,none
2026-08-01 04:45:00,AWS_MUMBAI_01,Coastal,19.076,72.8777,26.81,1010.9,83.56,0,none
2026-08-01 05:00:00,AWS_MUMBAI_01,Coastal,19.076,72.8777,26.54,1011.61,82.06,0,none
2026-08-01 05:15:00,AWS_MUMBAI_01,Coastal,19.076,72.8777,26.96,1011.12,81.86,0,none
2026-08-01 05:30:00,AWS_MUMBAI_01,Coastal,19.076,72.8777,27.49,1011.51,80.33,0,none
2026-08-01 05:45:00,AWS_MUMBAI_01,Coastal,19.076,72.8777,28.01,1010.93,81.7,0,none
2026-08-01 06:00:00,AWS_MUMBAI_01,Coastal,19.076,72.8777,27.65,1011.64,82.54,0,none
2026-08-01 06:15:00,AWS_MUMBAI_01,Coastal,19.076,72.8777,28.13,1011.47,82.81,0,none
2026-08-01 06:30:00,AWS_MUMBAI_01,Coastal,19.076,72.8777,27.98,1011.01,80.46,0,none
2026-08-01 06:45:00,AWS_MUMBAI_01,Coastal,19.076,72.8777,29.11,1010.76,80.9,0,none
2026-08-01 07:00:00,AWS_MUMBAI_01,Coastal,19.076,72.8777,29.65,1012.0,76.44,0,none
2026-08-01 07:15:00,AWS_MUMBAI_01,Coastal,19.076,72.8777,29.86,1011.3,78.89,0,none
2026-08-01 07:30:00,AWS_MUMBAI_01,Coastal,19.076,72.8777,29.86,1011.21,78.39,0,none
2026-08-01 07:45:00,AWS_MUMBAI_01,Coastal,19.076,72.8777,30.08,1011.93,80.26,0,none
2026-08-01 08:00:00,AWS_MUMBAI_01,Coastal,19.076,72.8777,29.17,1011.88,78.47,0,none
2026-08-01 08:15:00,AWS_MUMBAI_01,Coastal,19.076,72.8777,30.33,1012.05,78.12,0,none
2026-08-01 08:30:00,AWS_MUMBAI_01,Coastal,19.076,72.8777,30.32,1011.76,77.59,0,none
2026-08-01 08:45:00,AWS_MUMBAI_01,Coastal,19.076,72.8777,31.13,1012.46,76.65,0,none
2026-08-01 09:00:00,AWS_MUMBAI_01,Coastal,19.076,72.8777,30.02,1011.61,77.98,0,none
2026-08-01 09:15:00,AWS_MUMBAI_01,Coastal,19.076,72.8777,31.36,1011.94,72.92,0,none
2026-08-01 09:30:00,AWS_MUMBAI_01,Coastal,19.076,72.8777,31.44,1012.32,75.42,0,none
2026-08-01 09:45:00,AWS_MUMBAI_01,Coastal,19.076,72.8777,32.22,1012.66,76.17,0,none
2026-08-01 10:00:00,AWS_MUMBAI_01,Coastal,19.076,72.8777,32.62,1012.6,72.13,0,none
2026-08-01 10:15:00,AWS_MUMBAI_01,Coastal,19.076,72.8777,31.85,1012.46,75.01,0,none
2026-08-01 10:30:00,AWS_MUMBAI_01,Coastal,19.076,72.8777,32.08,1012.42,72.7,0,none
2026-08-01 10:45:00,AWS_MUMBAI_01,Coastal,19.076,72.8777,32.73,1012.99,73.38,0,none
2026-08-01 11:00:00,AWS_MUMBAI_01,Coastal,19.076,72.8777,33.52,1012.92,71.97,0,none
2026-08-01 11:15:00,AWS_MUMBAI_01,Coastal,19.076,72.8777,33.03,1012.48,73.74,0,none
2026-08-01 11:30:00,AWS_MUMBAI_01,Coastal,19.076,72.8777,32.66,1012.5,71.94,0,none
2026-08-01 11:45:00,AWS_MUMBAI_01,Coastal,19.076,72.8777,33.08,1012.63,73.03,0,none
2026-08-01 12:00:00,AWS_MUMBAI_01,Coastal,19.076,72.8777,33.55,1012.6,72.29,0,none
2026-08-01 12:15:00,AWS_MUMBAI_01,Coastal,19.076,72.8777,33.68,1013.1,70.59,0,none
2026-08-01 12:30:00,AWS_MUMBAI_01,Coastal,19.076,72.8777,33.41,1012.9,71.95,0,none
2026-08-01 12:45:00,AWS_MUMBAI_01,Coastal,19.076,72.8777,33.54,1012.91,70.39,0,none
2026-08-01 13:00:00,AWS_MUMBAI_01,Coastal,19.076,72.8777,33.47,1012.75,71.12,0,none
2026-08-01 13:15:00,AWS_MUMBAI_01,Coastal,19.076,72.8777,34.38,1012.71,70.57,0,none
2026-08-01 13:30:00,AWS_MUMBAI_01,Coastal,19.076,72.8777,33.63,1012.09,71.94,0,none
2026-08-01 13:45:00,AWS_MUMBAI_01,Coastal,19.076,72.8777,33.81,1012.73,71.46,0,none
2026-08-01 14:00:00,AWS_MUMBAI_01,Coastal,19.076,72.8777,33.8,1012.23,70.76,0,none
2026-08-01 14:15:00,AWS_MUMBAI_01,Coastal,19.076,72.8777,33.35,1012.3,69.99,0,none
2026-08-01 14:30:00,AWS_MUMBAI_01,Coastal,19.076,72.8777,33.62,1012.07,69.34,0,none
2026-08-01 14:45:00,AWS_MUMBAI_01,Coastal,19.076,72.8777,34.41,1012.15,71.1,0,none
2026-08-01 15:00:00,AWS_MUMBAI_01,Coastal,19.076,72.8777,33.38,1012.17,70.29,0,none
2026-08-01 15:15:00,AWS_MUMBAI_01,Coastal,19.076,72.8777,33.4,1011.59,68.93,0,none
2026-08-01 15:30:00,AWS_MUMBAI_01,Coastal,19.076,72.8777,33.16,1011.87,69.75,0,none
2026-08-01 15:45:00,AWS_MUMBAI_01,Coastal,19.076,72.8777,33.55,1011.56,73.49,0,none
2026-08-01 16:00:00,AWS_MUMBAI_01,Coastal,19.076,72.8777,34.22,1012.0,70.97,0,none
2026-08-01 16:15:00,AWS_MUMBAI_01,Coastal,19.076,72.8777,33.27,1011.18,73.31,0,none
2026-08-01 16:30:00,AWS_MUMBAI_01,Coastal,19.076,72.8777,33.2,1011.13,71.86,0,none
2026-08-01 16:45:00,AWS_MUMBAI_01,Coastal,19.076,72.8777,32.69,1011.26,74.07,0,none
2026-08-01 17:00:00,AWS_MUMBAI_01,Coastal,19.076,72.8777,32.8,1011.03,74.31,0,none
2026-08-01 17:15:00,AWS_MUMBAI_01,Coastal,19.076,72.8777,33.13,1011.19,72.26,0,none
2026-08-01 17:30:00,AWS_MUMBAI_01,Coastal,19.076,72.8777,32.49,1011.07,71.23,0,none
2026-08-01 17:45:00,AWS_MUMBAI_01,Coastal,19.076,72.8777,33.07,1011.23,71.72,0,none
2026-08-01 18:00:00,AWS_MUMBAI_01,Coastal,19.076,72.8777,32.5,1011.5,73.43,0,none
2026-08-01 18:15:00,AWS_MUMBAI_01,Coastal,19.076,72.8777,31.73,1011.23,77.08,0,none
2026-08-01 18:30:00,AWS_MUMBAI_01,Coastal,19.076,72.8777,31.49,1011.28,74.75,0,none
2026-08-01 18:45:00,AWS_MUMBAI_01,Coastal,19.076,72.8777,31.94,1010.94,75.86,0,none
2026-08-01 19:00:00,AWS_MUMBAI_01,Coastal,19.076,72.8777,31.09,1011.27,77.7,0,none
2026-08-01 19:15:00,AWS_MUMBAI_01,Coastal,19.076,72.8777,31.34,1011.24,76.73,0,none
2026-08-01 19:30:00,AWS_MUMBAI_01,Coastal,19.076,72.8777,31.32,1011.64,77.15,0,none
2026-08-01 19:45:00,AWS_MUMBAI_01,Coastal,19.076,72.8777,30.18,1011.28,78.28,0,none
2026-08-01 20:00:00,AWS_MUMBAI_01,Coastal,19.076,72.8777,30.14,1011.34,78.35,0,none
2026-08-01 20:15:00,AWS_MUMBAI_01,Coastal,19.076,72.8777,30.13,1011.79,78.35,0,none
2026-08-01 20:30:00,AWS_MUMBAI_01,Coastal,19.076,72.8777,29.78,1012.39,78.07,0,none
2026-08-01 20:45:00,AWS_MUMBAI_01,Coastal,19.076,72.8777,29.52,1011.84,79.5,0,none
2026-08-01 21:00:00,AWS_MUMBAI_01,Coastal,19.076,72.8777,28.43,1012.05,81.18,0,none
2026-08-01 21:15:00,AWS_MUMBAI_01,Coastal,19.076,72.8777,28.37,1012.39,82.45,0,none
2026-08-01 21:30:00,AWS_MUMBAI_01,Coastal,19.076,72.8777,28.27,1012.36,81.11,0,none
2026-08-01 21:45:00,AWS_MUMBAI_01,Coastal,19.076,72.8777,28.72,1012.46,82.09,0,none
2026-08-01 22:00:00,AWS_MUMBAI_01,Coastal,19.076,72.8777,27.51,1012.37,81.92,0,none
2026-08-01 22:15:00,AWS_MUMBAI_01,Coastal,19.076,72.8777,28.39,1012.46,81.9,0,none
2026-08-01 22:30:00,AWS_MUMBAI_01,Coastal,19.076,72.8777,27.88,1012.34,83.0,0,none
2026-08-01 22:45:00,AWS_MUMBAI_01,Coastal,19.076,72.8777,27.82,1012.78,84.17,0,none
2026-08-01 23:00:00,AWS_MUMBAI_01,Coastal,19.076,72.8777,26.8,1012.83,82.03,0,none
2026-08-01 23:15:00,AWS_MUMBAI_01,Coastal,19.076,72.8777,27.02,1012.95,81.67,0,none
2026-08-01 23:30:00,AWS_MUMBAI_01,Coastal,19.076,72.8777,26.95,1012.63,83.07,0,none
2026-08-01 23:45:00,AWS_MUMBAI_01,Coastal,19.076,72.8777,26.78,1013.04,84.24,0,none
2026-08-02 00:00:00,AWS_MUMBAI_01,Coastal,19.076,72.8777,26.65,1013.14,85.28,0,none
2026-08-02 00:15:00,AWS_MUMBAI_01,Coastal,19.076,72.8777,26.3,1012.43,83.27,0,none
2026-08-02 00:30:00,AWS_MUMBAI_01,Coastal,19.076,72.8777,26.36,1012.68,81.67,0,none
2026-08-02 00:45:00,AWS_MUMBAI_01,Coastal,19.076,72.8777,26.63,1013.09,84.21,0,none
2026-08-02 01:00:00,AWS_MUMBAI_01,Coastal,19.076,72.8777,25.67,1012.5,84.72,0,none
2026-08-02 01:15:00,AWS_MUMBAI_01,Coastal,19.076,72.8777,26.7,1012.79,83.67,0,none
2026-08-02 01:30:00,AWS_MUMBAI_01,Coastal,19.076,72.8777,26.43,1012.57,84.23,0,none
2026-08-02 01:45:00,AWS_MUMBAI_01,Coastal,19.076,72.8777,25.62,1012.59,86.23,0,none
2026-08-02 02:00:00,AWS_MUMBAI_01,Coastal,19.076,72.8777,26.15,1012.41,85.29,0,none
2026-08-02 02:15:00,AWS_MUMBAI_01,Coastal,19.076,72.8777,26.37,1012.53,85.6,0,none
2026-08-02 02:30:00,AWS_MUMBAI_01,Coastal,19.076,72.8777,25.54,1011.9,84.71,0,none
2026-08-02 02:45:00,AWS_MUMBAI_01,Coastal,19.076,72.8777,26.09,1011.83,84.16,0,none
2026-08-02 03:00:00,AWS_MUMBAI_01,Coastal,19.076,72.8777,26.1,1012.44,84.52,0,none
2026-08-02 03:15:00,AWS_MUMBAI_01,Coastal,19.076,72.8777,25.95,1012.53,85.42,0,none
2026-08-02 03:30:00,AWS_MUMBAI_01,Coastal,19.076,72.8777,26.34,1011.79,82.86,0,none
2026-08-02 03:45:00,AWS_MUMBAI_01,Coastal,19.076,72.8777,26.17,1012.21,86.44,0,none
2026-08-02 04:00:00,AWS_MUMBAI_01,Coastal,19.076,72.8777,27.09,1011.37,84.93,0,none
2026-08-02 04:15:00,AWS_MUMBAI_01,Coastal,19.076,72.8777,26.42,1011.35,83.34,0,none
2026-08-02 04:30:00,AWS_MUMBAI_01,Coastal,19.076,72.8777,27.14,1011.87,84.69,0,none
2026-08-02 04:45:00,AWS_MUMBAI_01,Coastal,19.076,72.8777,26.33,1011.61,84.88,0,none
2026-08-02 05:00:00,AWS_MUMBAI_01,Coastal,19.076,72.8777,27.11,1011.79,82.69,0,none
2026-08-02 05:15:00,AWS_MUMBAI_01,Coastal,19.076,72.8777,27.37,1011.4,82.49,0,none
2026-08-02 05:30:00,AWS_MUMBAI_01,Coastal,19.076,72.8777,27.49,1010.92,84.18,0,none
2026-08-02 05:45:00,AWS_MUMBAI_01,Coastal,19.076,72.8777,27.62,1011.27,84.54,0,none
2026-08-02 06:00:00,AWS_MUMBAI_01,Coastal,19.076,72.8777,27.73,1011.56,81.64,0,none
2026-08-02 06:15:00,AWS_MUMBAI_01,Coastal,19.076,72.8777,28.53,1011.17,79.79,0,none
2026-08-02 06:30:00,AWS_MUMBAI_01,Coastal,19.076,72.8777,28.87,1011.14,80.19,0,none
2026-08-02 06:45:00,AWS_MUMBAI_01,Coastal,19.076,72.8777,28.68,1011.41,81.55,0,none
2026-08-02 07:00:00,AWS_MUMBAI_01,Coastal,19.076,72.8777,28.53,1011.14,78.63,0,none
2026-08-02 07:15:00,AWS_MUMBAI_01,Coastal,19.076,72.8777,29.94,1011.45,79.15,0,none
2026-08-02 07:30:00,AWS_MUMBAI_01,Coastal,19.076,72.8777,29.13,1011.45,79.29,0,none
2026-08-02 07:45:00,AWS_MUMBAI_01,Coastal,19.076,72.8777,29.15,1011.37,77.36,0,none
2026-08-02 08:00:00,AWS_MUMBAI_01,Coastal,19.076,72.8777,29.19,1011.89,79.32,0,none
2026-08-02 08:15:00,AWS_MUMBAI_01,Coastal,19.076,72.8777,30.3,1011.89,78.36,0,none
2026-08-02 08:30:00,AWS_MUMBAI_01,Coastal,19.076,72.8777,30.44,1011.69,79.47,0,none
2026-08-02 08:45:00,AWS_MUMBAI_01,Coastal,19.076,72.8777,42.33,1022.25,77.53,1,noise_burst
2026-08-02 09:00:00,AWS_MUMBAI_01,Coastal,19.076,72.8777,32.17,1005.25,74.98,1,noise_burst
2026-08-02 09:15:00,AWS_MUMBAI_01,Coastal,19.076,72.8777,41.95,1014.0,76.32,1,noise_burst
2026-08-02 09:30:00,AWS_MUMBAI_01,Coastal,19.076,72.8777,20.56,1011.02,76.43,1,noise_burst
2026-08-02 09:45:00,AWS_MUMBAI_01,Coastal,19.076,72.8777,28.67,998.27,76.06,1,noise_burst
2026-08-02 10:00:00,AWS_MUMBAI_01,Coastal,19.076,72.8777,30.44,1010.51,73.47,1,noise_burst
2026-08-02 10:15:00,AWS_MUMBAI_01,Coastal,19.076,72.8777,31.71,1010.37,72.92,1,noise_burst
2026-08-02 10:30:00,AWS_MUMBAI_01,Coastal,19.076,72.8777,32.92,1010.22,72.25,1,noise_burst
2026-08-02 10:45:00,AWS_MUMBAI_01,Coastal,19.076,72.8777,32.95,1012.39,75.18,0,none
2026-08-02 11:00:00,AWS_MUMBAI_01,Coastal,19.076,72.8777,32.67,1012.8,73.66,0,none
2026-08-02 11:15:00,AWS_MUMBAI_01,Coastal,19.076,72.8777,32.57,1012.45,71.6,0,none
2026-08-02 11:30:00,AWS_MUMBAI_01,Coastal,19.076,72.8777,32.81,1012.74,72.44,0,none
2026-08-02 11:45:00,AWS_MUMBAI_01,Coastal,19.076,72.8777,33.18,1012.61,71.86,0,none
2026-08-02 12:00:00,AWS_MUMBAI_01,Coastal,19.076,72.8777,33.51,1013.02,70.6,0,none
2026-08-02 12:15:00,AWS_MUMBAI_01,Coastal,19.076,72.8777,34.41,1012.83,71.59,0,none
2026-08-02 12:30:00,AWS_MUMBAI_01,Coastal,19.076,72.8777,33.34,1012.74,71.58,0,none
2026-08-02 12:45:00,AWS_MUMBAI_01,Coastal,19.076,72.8777,34.32,1012.55,73.5,0,none
2026-08-02 13:00:00,AWS_MUMBAI_01,Coastal,19.076,72.8777,33.74,1012.59,70.26,0,none
2026-08-02 13:15:00,AWS_MUMBAI_01,Coastal,19.076,72.8777,33.12,1013.18,68.89,0,none
2026-08-02 13:30:00,AWS_MUMBAI_01,Coastal,19.076,72.8777,33.76,1012.42,69.6,0,none
2026-08-02 13:45:00,AWS_MUMBAI_01,Coastal,19.076,72.8777,34.46,1012.63,69.74,0,none
2026-08-02 14:00:00,AWS_MUMBAI_01,Coastal,19.076,72.8777,34.14,1012.37,70.29,1,calibration_drift
2026-08-02 14:15:00,AWS_MUMBAI_01,Coastal,19.076,72.8777,34.67,1012.44,69.56,1,calibration_drift
2026-08-02 14:30:00,AWS_MUMBAI_01,Coastal,19.076,72.8777,35.54,1012.46,71.85,1,calibration_drift
2026-08-02 14:45:00,AWS_MUMBAI_01,Coastal,19.076,72.8777,35.07,1012.0,69.6,1,calibration_drift
2026-08-02 15:00:00,AWS_MUMBAI_01,Coastal,19.076,72.8777,35.53,1012.21,71.07,1,calibration_drift
2026-08-02 15:15:00,AWS_MUMBAI_01,Coastal,19.076,72.8777,35.49,1012.72,73.58,1,calibration_drift
2026-08-02 15:30:00,AWS_MUMBAI_01,Coastal,19.076,72.8777,37.18,1011.96,72.01,1,calibration_drift
2026-08-02 15:45:00,AWS_MUMBAI_01,Coastal,19.076,72.8777,37.46,1012.18,72.08,1,calibration_drift
2026-08-02 16:00:00,AWS_MUMBAI_01,Coastal,19.076,72.8777,37.93,1011.74,73.99,1,calibration_drift
2026-08-02 16:15:00,AWS_MUMBAI_01,Coastal,19.076,72.8777,37.55,1011.23,73.51,1,calibration_drift
2026-08-02 16:30:00,AWS_MUMBAI_01,Coastal,19.076,72.8777,37.75,1011.52,72.97,1,calibration_drift
2026-08-02 16:45:00,AWS_MUMBAI_01,Coastal,19.076,72.8777,38.22,1011.27,72.21,1,calibration_drift
2026-08-02 17:00:00,AWS_MUMBAI_01,Coastal,19.076,72.8777,38.72,1011.13,72.88,1,calibration_drift
2026-08-02 17:15:00,AWS_MUMBAI_01,Coastal,19.076,72.8777,40.04,1011.24,73.17,1,calibration_drift
2026-08-02 17:30:00,AWS_MUMBAI_01,Coastal,19.076,72.8777,40.14,1011.18,73.14,1,calibration_drift
2026-08-02 17:45:00,AWS_MUMBAI_01,Coastal,19.076,72.8777,39.87,1010.89,74.25,1,calibration_drift
2026-08-02 18:00:00,AWS_MUMBAI_01,Coastal,19.076,72.8777,40.47,1012.01,74.82,1,calibration_drift
2026-08-02 18:15:00,AWS_MUMBAI_01,Coastal,19.076,72.8777,40.37,1011.45,73.32,1,calibration_drift
2026-08-02 18:30:00,AWS_MUMBAI_01,Coastal,19.076,72.8777,41.07,1011.3,77.2,1,calibration_drift
2026-08-02 18:45:00,AWS_MUMBAI_01,Coastal,19.076,72.8777,40.74,1011.29,76.18,1,calibration_drift
2026-08-02 19:00:00,AWS_MUMBAI_01,Coastal,19.076,72.8777,41.77,1011.67,75.82,1,calibration_drift
2026-08-02 19:15:00,AWS_MUMBAI_01,Coastal,19.076,72.8777,41.4,1011.99,76.86,1,calibration_drift
2026-08-02 19:30:00,AWS_MUMBAI_01,Coastal,19.076,72.8777,42.32,1011.64,78.18,1,calibration_drift
2026-08-02 19:45:00,AWS_MUMBAI_01,Coastal,19.076,72.8777,42.09,1011.55,75.77,1,calibration_drift
2026-08-02 20:00:00,AWS_MUMBAI_01,Coastal,19.076,72.8777,29.68,1012.04,77.87,0,none
2026-08-02 20:15:00,AWS_MUMBAI_01,Coastal,19.076,72.8777,30.38,1011.74,77.05,0,none
2026-08-02 20:30:00,AWS_MUMBAI_01,Coastal,19.076,72.8777,29.55,1011.92,82.13,0,none
2026-08-02 20:45:00,AWS_MUMBAI_01,Coastal,19.076,72.8777,29.09,1012.2,79.57,0,none
2026-08-02 21:00:00,AWS_MUMBAI_01,Coastal,19.076,72.8777,29.27,1011.88,78.45,0,none
2026-08-02 21:15:00,AWS_MUMBAI_01,Coastal,19.076,72.8777,28.18,1011.48,84.63,0,none
2026-08-02 21:30:00,AWS_MUMBAI_01,Coastal,19.076,72.8777,28.91,1012.08,80.11,0,none
2026-08-02 21:45:00,AWS_MUMBAI_01,Coastal,19.076,72.8777,28.18,1012.54,80.93,0,none
2026-08-02 22:00:00,AWS_MUMBAI_01,Coastal,19.076,72.8777,28.24,1012.61,81.44,0,none
2026-08-02 22:15:00,AWS_MUMBAI_01,Coastal,19.076,72.8777,27.16,1012.89,80.98,0,none
2026-08-02 22:30:00,AWS_MUMBAI_01,Coastal,19.076,72.8777,27.41,1012.45,82.68,0,none
2026-08-02 22:45:00,AWS_MUMBAI_01,Coastal,19.076,72.8777,27.36,1013.11,80.09,0,none
2026-08-02 23:00:00,AWS_MUMBAI_01,Coastal,19.076,72.8777,27.58,1012.75,84.39,0,none
2026-08-02 23:15:00,AWS_MUMBAI_01,Coastal,19.076,72.8777,27.26,1012.92,82.06,0,none
2026-08-02 23:30:00,AWS_MUMBAI_01,Coastal,19.076,72.8777,26.67,1013.04,83.21,0,none
2026-08-02 23:45:00,AWS_MUMBAI_01,Coastal,19.076,72.8777,26.8,1012.38,84.89,0,none
2026-08-03 00:00:00,AWS_MUMBAI_01,Coastal,19.076,72.8777,27.04,1012.5,83.99,0,none
2026-08-03 00:15:00,AWS_MUMBAI_01,Coastal,19.076,72.8777,26.33,1012.48,84.26,0,none
2026-08-03 00:30:00,AWS_MUMBAI_01,Coastal,19.076,72.8777,26.18,1013.09,83.44,0,none
2026-08-03 00:45:00,AWS_MUMBAI_01,Coastal,19.076,72.8777,25.46,1012.65,87.33,0,none
2026-08-03 01:00:00,AWS_MUMBAI_01,Coastal,19.076,72.8777,26.02,1013.3,85.59,0,none
2026-08-03 01:15:00,AWS_MUMBAI_01,Coastal,19.076,72.8777,25.38,1012.64,83.76,0,none
2026-08-03 01:30:00,AWS_MUMBAI_01,Coastal,19.076,72.8777,25.99,1012.12,85.35,0,none
2026-08-03 01:45:00,AWS_MUMBAI_01,Coastal,19.076,72.8777,26.4,1012.29,83.8,0,none
2026-08-03 02:00:00,AWS_MUMBAI_01,Coastal,19.076,72.8777,25.15,1012.44,87.27,0,none
2026-08-03 02:15:00,AWS_MUMBAI_01,Coastal,19.076,72.8777,26.5,1012.46,85.42,0,none
2026-08-03 02:30:00,AWS_MUMBAI_01,Coastal,19.076,72.8777,25.9,1011.91,83.97,0,none
2026-08-03 02:45:00,AWS_MUMBAI_01,Coastal,19.076,72.8777,26.07,1012.27,85.9,0,none
2026-08-03 03:00:00,AWS_MUMBAI_01,Coastal,19.076,72.8777,25.94,1012.25,84.62,0,none
2026-08-03 03:15:00,AWS_MUMBAI_01,Coastal,19.076,72.8777,25.53,1011.7,83.27,0,none
2026-08-03 03:30:00,AWS_MUMBAI_01,Coastal,19.076,72.8777,25.99,1012.38,85.11,0,none
2026-08-03 03:45:00,AWS_MUMBAI_01,Coastal,19.076,72.8777,27.25,1011.53,84.88,0,none
2026-08-03 04:00:00,AWS_MUMBAI_01,Coastal,19.076,72.8777,26.1,1011.3,85.6,0,none
2026-08-03 04:15:00,AWS_MUMBAI_01,Coastal,19.076,72.8777,26.04,1011.05,84.06,0,none
2026-08-03 04:30:00,AWS_MUMBAI_01,Coastal,19.076,72.8777,26.88,1011.8,83.84,0,none
2026-08-03 04:45:00,AWS_MUMBAI_01,Coastal,19.076,72.8777,26.96,1011.37,83.61,0,none
2026-08-03 05:00:00,AWS_MUMBAI_01,Coastal,19.076,72.8777,27.04,1011.16,85.01,0,none
2026-08-03 05:15:00,AWS_MUMBAI_01,Coastal,19.076,72.8777,27.37,1010.82,82.38,0,none
2026-08-03 05:30:00,AWS_MUMBAI_01,Coastal,19.076,72.8777,27.82,1011.11,82.95,0,none
2026-08-03 05:45:00,AWS_MUMBAI_01,Coastal,19.076,72.8777,27.54,1011.92,82.74,0,none
2026-08-03 06:00:00,AWS_MUMBAI_01,Coastal,19.076,72.8777,28.08,1010.56,82.02,0,none
2026-08-03 06:15:00,AWS_MUMBAI_01,Coastal,19.076,72.8777,28.64,1011.02,80.77,0,none
2026-08-03 06:30:00,AWS_MUMBAI_01,Coastal,19.076,72.8777,28.07,1011.77,80.9,0,none
2026-08-03 06:45:00,AWS_MUMBAI_01,Coastal,19.076,72.8777,27.79,1011.64,80.2,0,none
2026-08-03 07:00:00,AWS_MUMBAI_01,Coastal,19.076,72.8777,29.23,1011.14,82.21,0,none
2026-08-03 07:15:00,AWS_MUMBAI_01,Coastal,19.076,72.8777,30.22,1011.43,78.86,0,none
2026-08-03 07:30:00,AWS_MUMBAI_01,Coastal,19.076,72.8777,29.47,1011.57,77.84,0,none
2026-08-03 07:45:00,AWS_MUMBAI_01,Coastal,19.076,72.8777,29.82,1011.55,78.46,0,none
2026-08-03 08:00:00,AWS_MUMBAI_01,Coastal,19.076,72.8777,29.88,1012.14,77.91,0,none
2026-08-03 08:15:00,AWS_MUMBAI_01,Coastal,19.076,72.8777,30.9,1011.8,77.77,0,none
2026-08-03 08:30:00,AWS_MUMBAI_01,Coastal,19.076,72.8777,30.49,1012.13,76.51,0,none
2026-08-03 08:45:00,AWS_MUMBAI_01,Coastal,19.076,72.8777,30.71,1011.95,76.73,0,none
2026-08-03 09:00:00,AWS_MUMBAI_01,Coastal,19.076,72.8777,31.4,1011.39,76.29,0,none
2026-08-03 09:15:00,AWS_MUMBAI_01,Coastal,19.076,72.8777,31.09,1011.75,76.77,0,none
2026-08-03 09:30:00,AWS_MUMBAI_01,Coastal,19.076,72.8777,31.02,1011.91,75.36,0,none
2026-08-03 09:45:00,AWS_MUMBAI_01,Coastal,19.076,72.8777,32.12,1012.23,74.94,0,none
2026-08-03 10:00:00,AWS_MUMBAI_01,Coastal,19.076,72.8777,31.76,1013.02,75.02,0,none
2026-08-03 10:15:00,AWS_MUMBAI_01,Coastal,19.076,72.8777,31.83,1012.6,75.04,0,none
2026-08-03 10:30:00,AWS_MUMBAI_01,Coastal,19.076,72.8777,33.28,1012.53,72.44,0,none
2026-08-03 10:45:00,AWS_MUMBAI_01,Coastal,19.076,72.8777,32.57,1013.01,71.75,0,none
2026-08-03 11:00:00,AWS_MUMBAI_01,Coastal,19.076,72.8777,33.03,1012.26,74.94,0,none
2026-08-03 11:15:00,AWS_MUMBAI_01,Coastal,19.076,72.8777,33.02,1012.59,73.43,0,none
2026-08-03 11:30:00,AWS_MUMBAI_01,Coastal,19.076,72.8777,32.82,1012.58,72.02,0,none
2026-08-03 11:45:00,AWS_MUMBAI_01,Coastal,19.076,72.8777,33.6,1012.91,72.04,0,none
2026-08-03 12:00:00,AWS_MUMBAI_01,Coastal,19.076,72.8777,33.59,1013.07,71.29,0,none
2026-08-03 12:15:00,AWS_MUMBAI_01,Coastal,19.076,72.8777,33.32,1012.93,71.8,0,none
2026-08-03 12:30:00,AWS_MUMBAI_01,Coastal,19.076,72.8777,33.87,1012.92,70.18,0,none
2026-08-03 12:45:00,AWS_MUMBAI_01,Coastal,19.076,72.8777,33.58,1012.63,72.19,0,none
2026-08-03 13:00:00,AWS_MUMBAI_01,Coastal,19.076,72.8777,33.42,1012.79,71.26,0,none
2026-08-03 13:15:00,AWS_MUMBAI_01,Coastal,19.076,72.8777,33.44,1012.38,71.19,0,none
2026-08-03 13:30:00,AWS_MUMBAI_01,Coastal,19.076,72.8777,34.07,1012.77,69.79,0,none
2026-08-03 13:45:00,AWS_MUMBAI_01,Coastal,19.076,72.8777,33.84,1012.34,71.44,0,none
2026-08-03 14:00:00,AWS_MUMBAI_01,Coastal,19.076,72.8777,34.6,1012.06,69.75,0,none
2026-08-03 14:15:00,AWS_MUMBAI_01,Coastal,19.076,72.8777,33.97,1012.32,69.98,0,none
2026-08-03 14:30:00,AWS_MUMBAI_01,Coastal,19.076,72.8777,33.65,1011.63,70.97,0,none
2026-08-03 14:45:00,AWS_MUMBAI_01,Coastal,19.076,72.8777,33.99,1012.55,73.95,0,none
2026-08-03 15:00:00,AWS_MUMBAI_01,Coastal,19.076,72.8777,33.35,1012.24,71.25,0,none
2026-08-03 15:15:00,AWS_MUMBAI_01,Coastal,19.076,72.8777,33.75,1012.0,68.1,0,none
2026-08-03 15:30:00,AWS_MUMBAI_01,Coastal,19.076,72.8777,33.82,1011.31,70.58,0,none
2026-08-03 15:45:00,AWS_MUMBAI_01,Coastal,19.076,72.8777,33.67,1011.48,72.36,0,none
2026-08-03 16:00:00,AWS_MUMBAI_01,Coastal,19.076,72.8777,33.99,1011.61,70.41,0,none
2026-08-03 16:15:00,AWS_MUMBAI_01,Coastal,19.076,72.8777,34.36,1011.43,73.01,0,none
2026-08-03 16:30:00,AWS_MUMBAI_01,Coastal,19.076,72.8777,33.44,1010.93,72.48,0,none
2026-08-03 16:45:00,AWS_MUMBAI_01,Coastal,19.076,72.8777,33.48,1010.97,73.78,0,none
2026-08-03 17:00:00,AWS_MUMBAI_01,Coastal,19.076,72.8777,33.85,1011.22,72.24,0,none
2026-08-03 17:15:00,AWS_MUMBAI_01,Coastal,19.076,72.8777,32.23,1010.88,72.49,0,none
2026-08-03 17:30:00,AWS_MUMBAI_01,Coastal,19.076,72.8777,32.49,1011.64,74.29,0,none
2026-08-03 17:45:00,AWS_MUMBAI_01,Coastal,19.076,72.8777,32.03,1011.36,73.99,0,none
2026-08-03 18:00:00,AWS_MUMBAI_01,Coastal,19.076,72.8777,32.34,1010.96,74.32,0,none
2026-08-03 18:15:00,AWS_MUMBAI_01,Coastal,19.076,72.8777,31.88,1011.56,76.7,0,none
2026-08-03 18:30:00,AWS_MUMBAI_01,Coastal,19.076,72.8777,31.2,1011.52,75.97,0,none
2026-08-03 18:45:00,AWS_MUMBAI_01,Coastal,19.076,72.8777,31.29,1011.35,73.3,0,none
2026-08-03 19:00:00,AWS_MUMBAI_01,Coastal,19.076,72.8777,31.45,1011.3,77.1,0,none
2026-08-03 19:15:00,AWS_MUMBAI_01,Coastal,19.076,72.8777,30.26,1011.28,77.43,0,none
2026-08-03 19:30:00,AWS_MUMBAI_01,Coastal,19.076,72.8777,30.2,1011.27,78.48,0,none
2026-08-03 19:45:00,AWS_MUMBAI_01,Coastal,19.076,72.8777,29.88,1011.11,76.4,0,none
2026-08-03 20:00:00,AWS_MUMBAI_01,Coastal,19.076,72.8777,30.13,1012.06,78.39,0,none
2026-08-03 20:15:00,AWS_MUMBAI_01,Coastal,19.076,72.8777,30.23,1011.54,78.6,0,none
2026-08-03 20:30:00,AWS_MUMBAI_01,Coastal,19.076,72.8777,28.67,1011.8,77.79,0,none
2026-08-03 20:45:00,AWS_MUMBAI_01,Coastal,19.076,72.8777,29.26,1011.62,80.54,0,none
2026-08-03 21:00:00,AWS_MUMBAI_01,Coastal,19.076,72.8777,28.6,1011.92,79.57,0,none
2026-08-03 21:15:00,AWS_MUMBAI_01,Coastal,19.076,72.8777,29.12,1012.96,81.7,0,none
2026-08-03 21:30:00,AWS_MUMBAI_01,Coastal,19.076,72.8777,28.37,1011.99,79.86,0,none
2026-08-03 21:45:00,AWS_MUMBAI_01,Coastal,19.076,72.8777,28.28,1012.74,79.43,0,none
2026-08-03 22:00:00,AWS_MUMBAI_01,Coastal,19.076,72.8777,28.0,1012.39,81.31,0,none
2026-08-03 22:15:00,AWS_MUMBAI_01,Coastal,19.076,72.8777,28.23,1012.69,82.28,0,none
2026-08-03 22:30:00,AWS_MUMBAI_01,Coastal,19.076,72.8777,28.38,1012.94,81.74,0,none
2026-08-03 22:45:00,AWS_MUMBAI_01,Coastal,19.076,72.8777,26.91,1012.72,79.07,0,none
2026-08-03 23:00:00,AWS_MUMBAI_01,Coastal,19.076,72.8777,26.79,1012.59,83.55,0,none
2026-08-03 23:15:00,AWS_MUMBAI_01,Coastal,19.076,72.8777,27.12,1012.68,83.87,0,none
2026-08-03 23:30:00,AWS_MUMBAI_01,Coastal,19.076,72.8777,26.5,1012.73,84.54,0,none
2026-08-03 23:45:00,AWS_MUMBAI_01,Coastal,19.076,72.8777,27.05,1013.35,83.53,0,none
2026-08-01 00:00:00,AWS_JAIPUR_01,Desert,26.9124,75.7873,23.07,1005.13,52.01,0,none
2026-08-01 00:15:00,AWS_JAIPUR_01,Desert,26.9124,75.7873,22.57,1004.88,49.61,0,none
2026-08-01 00:30:00,AWS_JAIPUR_01,Desert,26.9124,75.7873,22.77,1004.53,50.47,0,none
2026-08-01 00:45:00,AWS_JAIPUR_01,Desert,26.9124,75.7873,22.64,1004.65,51.21,0,none
2026-08-01 01:00:00,AWS_JAIPUR_01,Desert,26.9124,75.7873,22.1,1005.18,51.81,0,none
2026-08-01 01:15:00,AWS_JAIPUR_01,Desert,26.9124,75.7873,21.76,1004.47,51.6,0,none
2026-08-01 01:30:00,AWS_JAIPUR_01,Desert,26.9124,75.7873,22.25,1004.52,52.42,0,none
2026-08-01 01:45:00,AWS_JAIPUR_01,Desert,26.9124,75.7873,21.71,1004.42,53.32,0,none
2026-08-01 02:00:00,AWS_JAIPUR_01,Desert,26.9124,75.7873,21.88,1004.51,53.8,0,none
2026-08-01 02:15:00,AWS_JAIPUR_01,Desert,26.9124,75.7873,21.85,1004.18,53.71,0,none
2026-08-01 02:30:00,AWS_JAIPUR_01,Desert,26.9124,75.7873,22.58,1004.26,50.56,0,none
2026-08-01 02:45:00,AWS_JAIPUR_01,Desert,26.9124,75.7873,21.9,1003.98,53.11,0,none
2026-08-01 03:00:00,AWS_JAIPUR_01,Desert,26.9124,75.7873,23.03,1004.39,52.92,0,none
2026-08-01 03:15:00,AWS_JAIPUR_01,Desert,26.9124,75.7873,22.83,1003.69,51.25,0,none
2026-08-01 03:30:00,AWS_JAIPUR_01,Desert,26.9124,75.7873,23.49,1004.09,53.63,0,none
2026-08-01 03:45:00,AWS_JAIPUR_01,Desert,26.9124,75.7873,23.3,1003.52,52.45,0,none
2026-08-01 04:00:00,AWS_JAIPUR_01,Desert,26.9124,75.7873,23.25,1003.34,50.37,0,none
2026-08-01 04:15:00,AWS_JAIPUR_01,Desert,26.9124,75.7873,23.32,1003.3,49.25,0,none
2026-08-01 04:30:00,AWS_JAIPUR_01,Desert,26.9124,75.7873,23.92,1002.92,51.26,0,none
2026-08-01 04:45:00,AWS_JAIPUR_01,Desert,26.9124,75.7873,25.08,1003.5,48.51,0,none
2026-08-01 05:00:00,AWS_JAIPUR_01,Desert,26.9124,75.7873,24.91,1002.96,47.83,0,none
2026-08-01 05:15:00,AWS_JAIPUR_01,Desert,26.9124,75.7873,25.67,1003.15,46.96,0,none
2026-08-01 05:30:00,AWS_JAIPUR_01,Desert,26.9124,75.7873,26.0,1003.46,48.72,0,none
2026-08-01 05:45:00,AWS_JAIPUR_01,Desert,26.9124,75.7873,26.54,1003.43,44.74,0,none
2026-08-01 06:00:00,AWS_JAIPUR_01,Desert,26.9124,75.7873,27.12,1002.77,43.97,0,none
2026-08-01 06:15:00,AWS_JAIPUR_01,Desert,26.9124,75.7873,27.78,1003.3,41.96,0,none
2026-08-01 06:30:00,AWS_JAIPUR_01,Desert,26.9124,75.7873,27.85,1003.57,41.42,0,none
2026-08-01 06:45:00,AWS_JAIPUR_01,Desert,26.9124,75.7873,28.68,1003.07,39.55,0,none
2026-08-01 07:00:00,AWS_JAIPUR_01,Desert,26.9124,75.7873,29.54,1003.46,38.69,0,none
2026-08-01 07:15:00,AWS_JAIPUR_01,Desert,26.9124,75.7873,30.11,1003.02,36.34,0,none
2026-08-01 07:30:00,AWS_JAIPUR_01,Desert,26.9124,75.7873,30.51,1003.55,38.41,0,none
2026-08-01 07:45:00,AWS_JAIPUR_01,Desert,26.9124,75.7873,31.51,1003.55,36.37,0,none
2026-08-01 08:00:00,AWS_JAIPUR_01,Desert,26.9124,75.7873,31.69,1003.8,35.29,0,none
2026-08-01 08:15:00,AWS_JAIPUR_01,Desert,26.9124,75.7873,32.16,1003.87,33.76,0,none
2026-08-01 08:30:00,AWS_JAIPUR_01,Desert,26.9124,75.7873,33.42,1003.39,32.74,0,none
2026-08-01 08:45:00,AWS_JAIPUR_01,Desert,26.9124,75.7873,33.47,1003.94,33.43,0,none
2026-08-01 09:00:00,AWS_JAIPUR_01,Desert,26.9124,75.7873,34.7,1004.44,29.42,0,none
2026-08-01 09:15:00,AWS_JAIPUR_01,Desert,26.9124,75.7873,34.43,1003.45,29.55,0,none
2026-08-01 09:30:00,AWS_JAIPUR_01,Desert,26.9124,75.7873,35.54,1004.5,28.44,0,none
2026-08-01 09:45:00,AWS_JAIPUR_01,Desert,26.9124,75.7873,36.29,1004.79,28.41,0,none
2026-08-01 10:00:00,AWS_JAIPUR_01,Desert,26.9124,75.7873,36.36,1003.95,26.53,0,none
2026-08-01 10:15:00,AWS_JAIPUR_01,Desert,26.9124,75.7873,37.41,1004.29,25.59,0,none
2026-08-01 10:30:00,AWS_JAIPUR_01,Desert,26.9124,75.7873,38.56,1004.72,22.53,0,none
2026-08-01 10:45:00,AWS_JAIPUR_01,Desert,26.9124,75.7873,38.09,1004.37,22.16,0,none
2026-08-01 11:00:00,AWS_JAIPUR_01,Desert,26.9124,75.7873,38.93,1005.1,20.87,0,none
2026-08-01 11:15:00,AWS_JAIPUR_01,Desert,26.9124,75.7873,40.2,1005.06,18.5,0,none
2026-08-01 11:30:00,AWS_JAIPUR_01,Desert,26.9124,75.7873,39.51,1004.36,21.2,0,none
2026-08-01 11:45:00,AWS_JAIPUR_01,Desert,26.9124,75.7873,40.87,1004.57,19.72,0,none
2026-08-01 12:00:00,AWS_JAIPUR_01,Desert,26.9124,75.7873,40.55,1005.03,19.89,0,none
2026-08-01 12:15:00,AWS_JAIPUR_01,Desert,26.9124,75.7873,41.01,1005.01,18.9,0,none
2026-08-01 12:30:00,AWS_JAIPUR_01,Desert,26.9124,75.7873,41.76,1005.44,18.66,0,none
2026-08-01 12:45:00,AWS_JAIPUR_01,Desert,26.9124,75.7873,41.28,1004.48,19.56,0,none
2026-08-01 13:00:00,AWS_JAIPUR_01,Desert,26.9124,75.7873,41.91,1005.13,17.62,0,none
2026-08-01 13:15:00,AWS_JAIPUR_01,Desert,26.9124,75.7873,42.16,1004.36,18.15,0,none
2026-08-01 13:30:00,AWS_JAIPUR_01,Desert,26.9124,75.7873,41.65,1004.72,16.79,0,none
2026-08-01 13:45:00,AWS_JAIPUR_01,Desert,26.9124,75.7873,41.67,1004.75,18.03,0,none
2026-08-01 14:00:00,AWS_JAIPUR_01,Desert,26.9124,75.7873,41.91,1003.5,15.51,0,none
2026-08-01 14:15:00,AWS_JAIPUR_01,Desert,26.9124,75.7873,41.9,1004.58,15.0,0,none
2026-08-01 14:30:00,AWS_JAIPUR_01,Desert,26.9124,75.7873,41.48,1004.62,19.68,0,none
2026-08-01 14:45:00,AWS_JAIPUR_01,Desert,26.9124,75.7873,41.55,1004.43,19.55,0,none
2026-08-01 15:00:00,AWS_JAIPUR_01,Desert,26.9124,75.7873,40.27,1004.62,15.28,0,none
2026-08-01 15:15:00,AWS_JAIPUR_01,Desert,26.9124,75.7873,41.34,1004.19,17.91,0,none
2026-08-01 15:30:00,AWS_JAIPUR_01,Desert,26.9124,75.7873,41.6,1003.63,18.55,0,none
2026-08-01 15:45:00,AWS_JAIPUR_01,Desert,26.9124,75.7873,40.3,1004.07,19.72,0,none
2026-08-01 16:00:00,AWS_JAIPUR_01,Desert,26.9124,75.7873,40.47,1003.42,21.5,0,none
2026-08-01 16:15:00,AWS_JAIPUR_01,Desert,26.9124,75.7873,41.29,1003.54,18.76,0,none
2026-08-01 16:30:00,AWS_JAIPUR_01,Desert,26.9124,75.7873,39.92,1003.68,19.51,0,none
2026-08-01 16:45:00,AWS_JAIPUR_01,Desert,26.9124,75.7873,40.06,1003.5,21.47,0,none
2026-08-01 17:00:00,AWS_JAIPUR_01,Desert,26.9124,75.7873,38.67,1003.71,21.12,0,none
2026-08-01 17:15:00,AWS_JAIPUR_01,Desert,26.9124,75.7873,38.77,1004.01,19.87,0,none
2026-08-01 17:30:00,AWS_JAIPUR_01,Desert,26.9124,75.7873,37.61,1002.89,23.77,0,none
2026-08-01 17:45:00,AWS_JAIPUR_01,Desert,26.9124,75.7873,37.72,1003.11,26.03,0,none
2026-08-01 18:00:00,AWS_JAIPUR_01,Desert,26.9124,75.7873,37.34,1003.29,25.98,0,none
2026-08-01 18:15:00,AWS_JAIPUR_01,Desert,26.9124,75.7873,36.66,1003.07,27.79,0,none
2026-08-01 18:30:00,AWS_JAIPUR_01,Desert,26.9124,75.7873,35.69,1003.2,28.69,0,none
2026-08-01 18:45:00,AWS_JAIPUR_01,Desert,26.9124,75.7873,35.32,1003.49,27.98,0,none
2026-08-01 19:00:00,AWS_JAIPUR_01,Desert,26.9124,75.7873,34.7,1003.5,30.42,0,none
2026-08-01 19:15:00,AWS_JAIPUR_01,Desert,26.9124,75.7873,34.22,1003.44,29.66,0,none
2026-08-01 19:30:00,AWS_JAIPUR_01,Desert,26.9124,75.7873,33.26,1003.48,32.04,0,none
2026-08-01 19:45:00,AWS_JAIPUR_01,Desert,26.9124,75.7873,33.03,1003.45,33.88,0,none
2026-08-01 20:00:00,AWS_JAIPUR_01,Desert,26.9124,75.7873,32.57,1004.02,35.0,0,none
2026-08-01 20:15:00,AWS_JAIPUR_01,Desert,26.9124,75.7873,31.22,1004.19,34.63,0,none
2026-08-01 20:30:00,AWS_JAIPUR_01,Desert,26.9124,75.7873,30.71,1004.1,36.04,0,none
2026-08-01 20:45:00,AWS_JAIPUR_01,Desert,26.9124,75.7873,29.69,1003.55,38.86,0,none
2026-08-01 21:00:00,AWS_JAIPUR_01,Desert,26.9124,75.7873,29.55,1003.92,40.65,0,none
2026-08-01 21:15:00,AWS_JAIPUR_01,Desert,26.9124,75.7873,28.92,1004.16,40.54,0,none
2026-08-01 21:30:00,AWS_JAIPUR_01,Desert,26.9124,75.7873,28.2,1003.92,41.58,0,none
2026-08-01 21:45:00,AWS_JAIPUR_01,Desert,26.9124,75.7873,27.63,1004.33,44.08,0,none
2026-08-01 22:00:00,AWS_JAIPUR_01,Desert,26.9124,75.7873,27.77,1004.41,43.07,0,none
2026-08-01 22:15:00,AWS_JAIPUR_01,Desert,26.9124,75.7873,25.29,1004.81,47.07,0,none
2026-08-01 22:30:00,AWS_JAIPUR_01,Desert,26.9124,75.7873,25.71,1004.42,44.34,0,none
2026-08-01 22:45:00,AWS_JAIPUR_01,Desert,26.9124,75.7873,25.27,1004.98,48.13,0,none
2026-08-01 23:00:00,AWS_JAIPUR_01,Desert,26.9124,75.7873,25.51,1004.41,48.37,0,none
2026-08-01 23:15:00,AWS_JAIPUR_01,Desert,26.9124,75.7873,24.67,1004.49,51.43,0,none
2026-08-01 23:30:00,AWS_JAIPUR_01,Desert,26.9124,75.7873,24.27,1004.66,47.93,0,none
2026-08-01 23:45:00,AWS_JAIPUR_01,Desert,26.9124,75.7873,24.19,1004.81,47.17,0,none
2026-08-02 00:00:00,AWS_JAIPUR_01,Desert,26.9124,75.7873,23.27,1004.08,52.09,0,none
2026-08-02 00:15:00,AWS_JAIPUR_01,Desert,26.9124,75.7873,23.29,1004.93,49.38,0,none
2026-08-02 00:30:00,AWS_JAIPUR_01,Desert,26.9124,75.7873,22.55,1005.29,52.37,0,none
2026-08-02 00:45:00,AWS_JAIPUR_01,Desert,26.9124,75.7873,22.11,1004.93,53.46,0,none
2026-08-02 01:00:00,AWS_JAIPUR_01,Desert,26.9124,75.7873,23.06,1004.63,52.84,0,none
2026-08-02 01:15:00,AWS_JAIPUR_01,Desert,26.9124,75.7873,22.34,1004.31,52.93,0,none
2026-08-02 01:30:00,AWS_JAIPUR_01,Desert,26.9124,75.7873,22.34,1004.02,53.33,0,none
2026-08-02 01:45:00,AWS_JAIPUR_01,Desert,26.9124,75.7873,21.59,1003.99,53.97,0,none
2026-08-02 02:00:00,AWS_JAIPUR_01,Desert,26.9124,75.7873,22.2,1004.36,53.7,0,none
2026-08-02 02:15:00,AWS_JAIPUR_01,Desert,26.9124,75.7873,22.73,1004.94,51.5,0,none
2026-08-02 02:30:00,AWS_JAIPUR_01,Desert,26.9124,75.7873,21.97,1003.39,55.04,0,none
2026-08-02 02:45:00,AWS_JAIPUR_01,Desert,26.9124,75.7873,21.69,1004.31,52.72,0,none
2026-08-02 03:00:00,AWS_JAIPUR_01,Desert,26.9124,75.7873,22.41,1003.8,53.01,0,none
2026-08-02 03:15:00,AWS_JAIPUR_01,Desert,26.9124,75.7873,22.12,1003.79,52.9,0,none
2026-08-02 03:30:00,AWS_JAIPUR_01,Desert,26.9124,75.7873,22.14,1003.51,53.02,0,none
2026-08-02 03:45:00,AWS_JAIPUR_01,Desert,26.9124,75.7873,22.74,1003.28,52.41,0,none
2026-08-02 04:00:00,AWS_JAIPUR_01,Desert,26.9124,75.7873,23.14,1003.64,50.75,0,none
2026-08-02 04:15:00,AWS_JAIPUR_01,Desert,26.9124,75.7873,23.29,1003.59,50.05,0,none
2026-08-02 04:30:00,AWS_JAIPUR_01,Desert,26.9124,75.7873,24.6,1003.63,49.77,0,none
2026-08-02 04:45:00,AWS_JAIPUR_01,Desert,26.9124,75.7873,25.24,1002.86,49.85,0,none
2026-08-02 05:00:00,AWS_JAIPUR_01,Desert,26.9124,75.7873,25.18,1003.57,46.39,0,none
2026-08-02 05:15:00,AWS_JAIPUR_01,Desert,26.9124,75.7873,25.56,1003.53,47.64,0,none
2026-08-02 05:30:00,AWS_JAIPUR_01,Desert,26.9124,75.7873,25.86,1003.35,44.89,0,none
2026-08-02 05:45:00,AWS_JAIPUR_01,Desert,26.9124,75.7873,26.09,1003.08,47.22,0,none
2026-08-02 06:00:00,AWS_JAIPUR_01,Desert,26.9124,75.7873,27.64,1003.29,44.44,0,none
2026-08-02 06:15:00,AWS_JAIPUR_01,Desert,26.9124,75.7873,27.55,1003.16,42.46,0,none
2026-08-02 06:30:00,AWS_JAIPUR_01,Desert,26.9124,75.7873,27.99,1003.52,42.4,0,none
2026-08-02 06:45:00,AWS_JAIPUR_01,Desert,26.9124,75.7873,29.19,1003.15,40.8,0,none
2026-08-02 07:00:00,AWS_JAIPUR_01,Desert,26.9124,75.7873,29.38,1003.34,39.47,0,none
2026-08-02 07:15:00,AWS_JAIPUR_01,Desert,26.9124,75.7873,30.44,1002.84,36.34,0,none
2026-08-02 07:30:00,AWS_JAIPUR_01,Desert,26.9124,75.7873,30.53,1003.53,36.12,0,none
2026-08-02 07:45:00,AWS_JAIPUR_01,Desert,26.9124,75.7873,31.75,1003.29,36.01,0,none
2026-08-02 08:00:00,AWS_JAIPUR_01,Desert,26.9124,75.7873,32.39,1003.75,32.97,0,none
2026-08-02 08:15:00,AWS_JAIPUR_01,Desert,26.9124,75.7873,33.18,1003.93,33.12,0,none
2026-08-02 08:30:00,AWS_JAIPUR_01,Desert,26.9124,75.7873,33.02,1003.61,32.05,0,none
2026-08-02 08:45:00,AWS_JAIPUR_01,Desert,26.9124,75.7873,33.92,1003.9,30.55,0,none
2026-08-02 09:00:00,AWS_JAIPUR_01,Desert,26.9124,75.7873,35.37,1004.05,31.27,0,none
2026-08-02 09:15:00,AWS_JAIPUR_01,Desert,26.9124,75.7873,35.12,1004.21,28.16,0,none
2026-08-02 09:30:00,AWS_JAIPUR_01,Desert,26.9124,75.7873,36.15,1004.44,28.22,0,none
2026-08-02 09:45:00,AWS_JAIPUR_01,Desert,26.9124,75.7873,37.34,1004.5,26.62,0,none
2026-08-02 10:00:00,AWS_JAIPUR_01,Desert,26.9124,75.7873,36.26,1004.29,25.86,0,none
2026-08-02 10:15:00,AWS_JAIPUR_01,Desert,26.9124,75.7873,37.44,1004.97,26.93,0,none
2026-08-02 10:30:00,AWS_JAIPUR_01,Desert,26.9124,75.7873,38.09,1004.79,24.26,0,none
2026-08-02 10:45:00,AWS_JAIPUR_01,Desert,26.9124,75.7873,37.87,1005.06,23.58,0,none
2026-08-02 11:00:00,AWS_JAIPUR_01,Desert,26.9124,75.7873,38.89,1004.8,21.35,1,frozen_value
2026-08-02 11:15:00,AWS_JAIPUR_01,Desert,26.9124,75.7873,38.89,1004.86,22.22,1,frozen_value
2026-08-02 11:30:00,AWS_JAIPUR_01,Desert,26.9124,75.7873,38.89,1004.74,21.42,1,frozen_value
2026-08-02 11:45:00,AWS_JAIPUR_01,Desert,26.9124,75.7873,38.89,1004.66,20.62,1,frozen_value
2026-08-02 12:00:00,AWS_JAIPUR_01,Desert,26.9124,75.7873,38.89,1005.09,17.96,1,frozen_value
2026-08-02 12:15:00,AWS_JAIPUR_01,Desert,26.9124,75.7873,38.89,1004.87,18.15,1,frozen_value
2026-08-02 12:30:00,AWS_JAIPUR_01,Desert,26.9124,75.7873,38.89,1004.73,20.09,1,frozen_value
2026-08-02 12:45:00,AWS_JAIPUR_01,Desert,26.9124,75.7873,38.89,1004.43,17.13,1,frozen_value
2026-08-02 13:00:00,AWS_JAIPUR_01,Desert,26.9124,75.7873,38.89,1005.16,19.5,1,frozen_value
2026-08-02 13:15:00,AWS_JAIPUR_01,Desert,26.9124,75.7873,38.89,1004.67,16.69,1,frozen_value
2026-08-02 13:30:00,AWS_JAIPUR_01,Desert,26.9124,75.7873,38.89,1004.2,17.33,1,frozen_value
2026-08-02 13:45:00,AWS_JAIPUR_01,Desert,26.9124,75.7873,38.89,1004.51,16.81,1,frozen_value
2026-08-02 14:00:00,AWS_JAIPUR_01,Desert,26.9124,75.7873,67.05,1004.34,15.99,1,spike
2026-08-02 14:15:00,AWS_JAIPUR_01,Desert,26.9124,75.7873,41.7,1004.23,16.04,0,none
2026-08-02 14:30:00,AWS_JAIPUR_01,Desert,26.9124,75.7873,41.38,1004.38,16.31,0,none
2026-08-02 14:45:00,AWS_JAIPUR_01,Desert,26.9124,75.7873,41.47,1004.04,17.52,0,none
2026-08-02 15:00:00,AWS_JAIPUR_01,Desert,26.9124,75.7873,41.46,1003.91,18.68,0,none
2026-08-02 15:15:00,AWS_JAIPUR_01,Desert,26.9124,75.7873,41.93,1004.3,18.06,0,none
2026-08-02 15:30:00,AWS_JAIPUR_01,Desert,26.9124,75.7873,41.58,1003.27,18.33,0,none
2026-08-02 15:45:00,AWS_JAIPUR_01,Desert,26.9124,75.7873,40.79,1003.68,20.31,0,none
2026-08-02 16:00:00,AWS_JAIPUR_01,Desert,26.9124,75.7873,40.5,1003.88,19.46,0,none
2026-08-02 16:15:00,AWS_JAIPUR_01,Desert,26.9124,75.7873,40.71,1003.7,19.38,0,none
2026-08-02 16:30:00,AWS_JAIPUR_01,Desert,26.9124,75.7873,40.04,1003.74,19.52,0,none
2026-08-02 16:45:00,AWS_JAIPUR_01,Desert,26.9124,75.7873,39.62,1003.97,22.99,0,none
2026-08-02 17:00:00,AWS_JAIPUR_01,Desert,26.9124,75.7873,38.79,1003.82,21.88,0,none
2026-08-02 17:15:00,AWS_JAIPUR_01,Desert,26.9124,75.7873,38.54,1002.91,22.44,1,frozen_value
2026-08-02 17:30:00,AWS_JAIPUR_01,Desert,26.9124,75.7873,38.54,1002.74,23.24,1,frozen_value
2026-08-02 17:45:00,AWS_JAIPUR_01,Desert,26.9124,75.7873,38.54,1003.3,26.46,1,frozen_value
2026-08-02 18:00:00,AWS_JAIPUR_01,Desert,26.9124,75.7873,38.54,1002.79,25.31,1,frozen_value
2026-08-02 18:15:00,AWS_JAIPUR_01,Desert,26.9124,75.7873,38.54,1002.63,28.23,1,frozen_value
2026-08-02 18:30:00,AWS_JAIPUR_01,Desert,26.9124,75.7873,38.54,1003.32,27.84,1,frozen_value
2026-08-02 18:45:00,AWS_JAIPUR_01,Desert,26.9124,75.7873,38.54,1003.43,27.76,1,frozen_value
2026-08-02 19:00:00,AWS_JAIPUR_01,Desert,26.9124,75.7873,38.54,1003.82,29.94,1,frozen_value
2026-08-02 19:15:00,AWS_JAIPUR_01,Desert,26.9124,75.7873,38.54,1003.6,31.45,1,frozen_value
2026-08-02 19:30:00,AWS_JAIPUR_01,Desert,26.9124,75.7873,38.54,1004.01,32.51,1,frozen_value
2026-08-02 19:45:00,AWS_JAIPUR_01,Desert,26.9124,75.7873,38.54,1003.62,33.65,1,frozen_value
2026-08-02 20:00:00,AWS_JAIPUR_01,Desert,26.9124,75.7873,38.54,1003.26,34.61,1,frozen_value
2026-08-02 20:15:00,AWS_JAIPUR_01,Desert,26.9124,75.7873,31.68,1003.94,35.24,0,none
2026-08-02 20:30:00,AWS_JAIPUR_01,Desert,26.9124,75.7873,30.41,1004.19,37.36,0,none
2026-08-02 20:45:00,AWS_JAIPUR_01,Desert,26.9124,75.7873,30.4,1004.01,39.16,0,none
2026-08-02 21:00:00,AWS_JAIPUR_01,Desert,26.9124,75.7873,29.4,1004.44,37.9,0,none
2026-08-02 21:15:00,AWS_JAIPUR_01,Desert,26.9124,75.7873,28.09,1004.07,42.34,0,none
2026-08-02 21:30:00,AWS_JAIPUR_01,Desert,26.9124,75.7873,27.65,1004.37,37.45,0,none
2026-08-02 21:45:00,AWS_JAIPUR_01,Desert,26.9124,75.7873,27.44,1004.25,43.05,0,none
2026-08-02 22:00:00,AWS_JAIPUR_01,Desert,26.9124,75.7873,27.49,1005.11,44.56,0,none
2026-08-02 22:15:00,AWS_JAIPUR_01,Desert,26.9124,75.7873,26.09,1004.74,44.28,0,none
2026-08-02 22:30:00,AWS_JAIPUR_01,Desert,26.9124,75.7873,25.7,1004.23,43.41,0,none
2026-08-02 22:45:00,AWS_JAIPUR_01,Desert,26.9124,75.7873,25.49,1005.19,46.75,0,none
2026-08-02 23:00:00,AWS_JAIPUR_01,Desert,26.9124,75.7873,24.26,1004.47,47.93,0,none
2026-08-02 23:15:00,AWS_JAIPUR_01,Desert,26.9124,75.7873,24.6,1004.74,47.15,0,none
2026-08-02 23:30:00,AWS_JAIPUR_01,Desert,26.9124,75.7873,23.45,1004.91,48.28,0,none
2026-08-02 23:45:00,AWS_JAIPUR_01,Desert,26.9124,75.7873,23.91,1004.96,51.12,0,none
2026-08-03 00:00:00,AWS_JAIPUR_01,Desert,26.9124,75.7873,23.02,1004.95,50.73,0,none
2026-08-03 00:15:00,AWS_JAIPUR_01,Desert,26.9124,75.7873,22.65,1004.45,49.33,1,frozen_value
2026-08-03 00:30:00,AWS_JAIPUR_01,Desert,26.9124,75.7873,22.65,1004.92,52.17,1,frozen_value
2026-08-03 00:45:00,AWS_JAIPUR_01,Desert,26.9124,75.7873,22.65,1005.07,50.93,1,frozen_value
2026-08-03 01:00:00,AWS_JAIPUR_01,Desert,26.9124,75.7873,22.65,1005.01,51.46,1,frozen_value
2026-08-03 01:15:00,AWS_JAIPUR_01,Desert,26.9124,75.7873,22.65,1004.24,52.89,1,frozen_value
2026-08-03 01:30:00,AWS_JAIPUR_01,Desert,26.9124,75.7873,22.65,1004.37,52.97,1,frozen_value
2026-08-03 01:45:00,AWS_JAIPUR_01,Desert,26.9124,75.7873,22.65,1004.17,52.48,1,frozen_value
2026-08-03 02:00:00,AWS_JAIPUR_01,Desert,26.9124,75.7873,22.65,1004.5,52.39,1,frozen_value
2026-08-03 02:15:00,AWS_JAIPUR_01,Desert,26.9124,75.7873,22.65,1003.84,52.66,1,frozen_value
2026-08-03 02:30:00,AWS_JAIPUR_01,Desert,26.9124,75.7873,22.65,1003.87,51.91,1,frozen_value
2026-08-03 02:45:00,AWS_JAIPUR_01,Desert,26.9124,75.7873,22.65,1003.9,53.96,1,frozen_value
2026-08-03 03:00:00,AWS_JAIPUR_01,Desert,26.9124,75.7873,22.65,1003.46,50.5,1,frozen_value
2026-08-03 03:15:00,AWS_JAIPUR_01,Desert,26.9124,75.7873,22.84,1003.89,51.76,0,none
2026-08-03 03:30:00,AWS_JAIPUR_01,Desert,26.9124,75.7873,23.63,1003.16,49.88,0,none
2026-08-03 03:45:00,AWS_JAIPUR_01,Desert,26.9124,75.7873,23.24,1003.84,52.27,0,none
2026-08-03 04:00:00,AWS_JAIPUR_01,Desert,26.9124,75.7873,,,,1,comm_loss
2026-08-03 04:15:00,AWS_JAIPUR_01,Desert,26.9124,75.7873,,,,1,comm_loss
2026-08-03 04:30:00,AWS_JAIPUR_01,Desert,26.9124,75.7873,,,,1,comm_loss
2026-08-03 04:45:00,AWS_JAIPUR_01,Desert,26.9124,75.7873,,,,1,comm_loss
2026-08-03 05:00:00,AWS_JAIPUR_01,Desert,26.9124,75.7873,25.53,1003.49,48.06,0,none
2026-08-03 05:15:00,AWS_JAIPUR_01,Desert,26.9124,75.7873,25.45,1003.66,48.25,0,none
2026-08-03 05:30:00,AWS_JAIPUR_01,Desert,26.9124,75.7873,25.78,1003.53,46.17,0,none
2026-08-03 05:45:00,AWS_JAIPUR_01,Desert,26.9124,75.7873,26.01,1003.88,44.39,0,none
2026-08-03 06:00:00,AWS_JAIPUR_01,Desert,26.9124,75.7873,26.6,1003.4,42.51,0,none
2026-08-03 06:15:00,AWS_JAIPUR_01,Desert,26.9124,75.7873,27.57,1003.25,44.26,0,none
2026-08-03 06:30:00,AWS_JAIPUR_01,Desert,26.9124,75.7873,27.47,1003.09,43.0,0,none
2026-08-03 06:45:00,AWS_JAIPUR_01,Desert,26.9124,75.7873,28.48,1003.13,40.01,0,none
2026-08-03 07:00:00,AWS_JAIPUR_01,Desert,26.9124,75.7873,29.45,1003.47,38.92,0,none
2026-08-03 07:15:00,AWS_JAIPUR_01,Desert,26.9124,75.7873,30.08,1003.07,39.94,0,none
2026-08-03 07:30:00,AWS_JAIPUR_01,Desert,26.9124,75.7873,30.31,1003.5,37.99,0,none
2026-08-03 07:45:00,AWS_JAIPUR_01,Desert,26.9124,75.7873,30.85,1003.51,34.03,0,none
2026-08-03 08:00:00,AWS_JAIPUR_01,Desert,26.9124,75.7873,31.57,1003.38,34.77,0,none
2026-08-03 08:15:00,AWS_JAIPUR_01,Desert,26.9124,75.7873,32.57,1003.38,33.54,0,none
2026-08-03 08:30:00,AWS_JAIPUR_01,Desert,26.9124,75.7873,34.16,1004.55,32.95,0,none
2026-08-03 08:45:00,AWS_JAIPUR_01,Desert,26.9124,75.7873,34.38,1003.48,31.5,0,none
2026-08-03 09:00:00,AWS_JAIPUR_01,Desert,26.9124,75.7873,34.67,1003.98,29.73,0,none
2026-08-03 09:15:00,AWS_JAIPUR_01,Desert,26.9124,75.7873,35.44,1004.47,29.43,0,none
2026-08-03 09:30:00,AWS_JAIPUR_01,Desert,26.9124,75.7873,36.23,1004.37,27.57,0,none
2026-08-03 09:45:00,AWS_JAIPUR_01,Desert,26.9124,75.7873,36.69,1004.16,31.14,0,none
2026-08-03 10:00:00,AWS_JAIPUR_01,Desert,26.9124,75.7873,36.88,1004.04,26.15,0,none
2026-08-03 10:15:00,AWS_JAIPUR_01,Desert,26.9124,75.7873,37.22,1004.53,24.98,0,none
2026-08-03 10:30:00,AWS_JAIPUR_01,Desert,26.9124,75.7873,38.04,1003.77,26.25,0,none
2026-08-03 10:45:00,AWS_JAIPUR_01,Desert,26.9124,75.7873,39.0,1004.69,21.49,0,none
2026-08-03 11:00:00,AWS_JAIPUR_01,Desert,26.9124,75.7873,38.96,1004.7,22.14,0,none
2026-08-03 11:15:00,AWS_JAIPUR_01,Desert,26.9124,75.7873,39.08,1005.06,20.33,0,none
2026-08-03 11:30:00,AWS_JAIPUR_01,Desert,26.9124,75.7873,39.24,1004.43,21.48,0,none
2026-08-03 11:45:00,AWS_JAIPUR_01,Desert,26.9124,75.7873,40.27,1004.7,19.44,0,none
2026-08-03 12:00:00,AWS_JAIPUR_01,Desert,26.9124,75.7873,40.25,1004.93,20.11,0,none
2026-08-03 12:15:00,AWS_JAIPUR_01,Desert,26.9124,75.7873,40.79,1004.85,19.47,0,none
2026-08-03 12:30:00,AWS_JAIPUR_01,Desert,26.9124,75.7873,41.82,1004.37,19.31,0,none
2026-08-03 12:45:00,AWS_JAIPUR_01,Desert,26.9124,75.7873,41.45,1004.54,18.58,0,none
2026-08-03 13:00:00,AWS_JAIPUR_01,Desert,26.9124,75.7873,41.36,1005.11,17.34,0,none
2026-08-03 13:15:00,AWS_JAIPUR_01,Desert,26.9124,75.7873,41.93,1004.71,15.67,0,none
2026-08-03 13:30:00,AWS_JAIPUR_01,Desert,26.9124,75.7873,42.68,1004.07,18.36,0,none
2026-08-03 13:45:00,AWS_JAIPUR_01,Desert,26.9124,75.7873,41.93,1004.75,18.73,0,none
2026-08-03 14:00:00,AWS_JAIPUR_01,Desert,26.9124,75.7873,41.06,1003.92,15.87,0,none
2026-08-03 14:15:00,AWS_JAIPUR_01,Desert,26.9124,75.7873,42.24,1004.21,17.92,0,none
2026-08-03 14:30:00,AWS_JAIPUR_01,Desert,26.9124,75.7873,42.05,1004.38,15.75,0,none
2026-08-03 14:45:00,AWS_JAIPUR_01,Desert,26.9124,75.7873,41.84,1004.47,17.59,0,none
2026-08-03 15:00:00,AWS_JAIPUR_01,Desert,26.9124,75.7873,,,,1,comm_loss
2026-08-03 15:15:00,AWS_JAIPUR_01,Desert,26.9124,75.7873,,,,1,comm_loss
2026-08-03 15:30:00,AWS_JAIPUR_01,Desert,26.9124,75.7873,,,,1,comm_loss
2026-08-03 15:45:00,AWS_JAIPUR_01,Desert,26.9124,75.7873,,,,1,comm_loss
2026-08-03 16:00:00,AWS_JAIPUR_01,Desert,26.9124,75.7873,40.54,1003.63,19.28,0,none
2026-08-03 16:15:00,AWS_JAIPUR_01,Desert,26.9124,75.7873,40.18,1002.6,19.22,0,none
2026-08-03 16:30:00,AWS_JAIPUR_01,Desert,26.9124,75.7873,40.27,1002.61,19.25,0,none
2026-08-03 16:45:00,AWS_JAIPUR_01,Desert,26.9124,75.7873,40.01,1003.7,21.0,0,none
2026-08-03 17:00:00,AWS_JAIPUR_01,Desert,26.9124,75.7873,38.98,1003.15,20.86,0,none
2026-08-03 17:15:00,AWS_JAIPUR_01,Desert,26.9124,75.7873,38.67,1003.16,22.68,0,none
2026-08-03 17:30:00,AWS_JAIPUR_01,Desert,26.9124,75.7873,38.2,1003.3,23.48,0,none
2026-08-03 17:45:00,AWS_JAIPUR_01,Desert,26.9124,75.7873,37.98,1003.1,25.96,0,none
2026-08-03 18:00:00,AWS_JAIPUR_01,Desert,26.9124,75.7873,37.41,1003.06,26.09,0,none
2026-08-03 18:15:00,AWS_JAIPUR_01,Desert,26.9124,75.7873,36.21,1003.33,30.1,0,none
2026-08-03 18:30:00,AWS_JAIPUR_01,Desert,26.9124,75.7873,36.0,1002.78,25.7,0,none
2026-08-03 18:45:00,AWS_JAIPUR_01,Desert,26.9124,75.7873,35.37,1003.61,29.59,0,none
2026-08-03 19:00:00,AWS_JAIPUR_01,Desert,26.9124,75.7873,34.54,1003.24,29.8,0,none
2026-08-03 19:15:00,AWS_JAIPUR_01,Desert,26.9124,75.7873,34.1,1003.06,30.34,0,none
2026-08-03 19:30:00,AWS_JAIPUR_01,Desert,26.9124,75.7873,33.31,1003.09,32.61,0,none
2026-08-03 19:45:00,AWS_JAIPUR_01,Desert,26.9124,75.7873,32.72,1003.53,33.7,0,none
2026-08-03 20:00:00,AWS_JAIPUR_01,Desert,26.9124,75.7873,31.46,1003.51,36.29,0,none
2026-08-03 20:15:00,AWS_JAIPUR_01,Desert,26.9124,75.7873,30.98,1003.23,36.29,0,none
2026-08-03 20:30:00,AWS_JAIPUR_01,Desert,26.9124,75.7873,31.02,1003.61,36.52,0,none
2026-08-03 20:45:00,AWS_JAIPUR_01,Desert,26.9124,75.7873,29.56,1003.65,38.91,0,none
2026-08-03 21:00:00,AWS_JAIPUR_01,Desert,26.9124,75.7873,29.6,1004.38,39.38,0,none
2026-08-03 21:15:00,AWS_JAIPUR_01,Desert,26.9124,75.7873,28.75,1004.14,39.44,0,none
2026-08-03 21:30:00,AWS_JAIPUR_01,Desert,26.9124,75.7873,28.59,1004.68,41.59,0,none
2026-08-03 21:45:00,AWS_JAIPUR_01,Desert,26.9124,75.7873,27.84,1004.09,43.24,0,none
2026-08-03 22:00:00,AWS_JAIPUR_01,Desert,26.9124,75.7873,26.82,1004.31,44.09,0,none
2026-08-03 22:15:00,AWS_JAIPUR_01,Desert,26.9124,75.7873,26.35,1004.6,45.4,0,none
2026-08-03 22:30:00,AWS_JAIPUR_01,Desert,26.9124,75.7873,25.12,1004.75,45.33,0,none
2026-08-03 22:45:00,AWS_JAIPUR_01,Desert,26.9124,75.7873,25.35,1004.85,47.25,0,none
2026-08-03 23:00:00,AWS_JAIPUR_01,Desert,26.9124,75.7873,24.42,1004.43,47.87,0,none
2026-08-03 23:15:00,AWS_JAIPUR_01,Desert,26.9124,75.7873,24.39,1004.48,48.69,0,none
2026-08-03 23:30:00,AWS_JAIPUR_01,Desert,26.9124,75.7873,23.81,1004.67,49.32,0,none
2026-08-03 23:45:00,AWS_JAIPUR_01,Desert,26.9124,75.7873,23.33,1005.24,52.58,0,none
